fandom,page_titleRO
wiisports,Wii Sports
ru.burokrat,Bureaucracy
gods-and-demons,Demon
garfield,Garfield
fr.hermionegranger,Hermione Granger
kemco,Kemco
arina,Arina Tanemura
4400,The 4400
gse1,Great Soviet Encyclopedia
id.shaunthesheep,Shaun the Sheep
shaunthesheep,Shaun the Sheep
deadmanwonderland,Deadman Wonderland
yumekuimerry,Dream Eater Merry
ru.spiderman,Spider-Man
pt-br.spiderman,Spider-Man
es.spider-man,Spider-Man
de.spiderman,Spider-Man
spiderman,Spider-Man
macysthanksgiving,Macy's Thanksgiving Day Parade
zh.jinyong,Jin Yong
adhd,Attention deficit hyperactivity disorder
xanth,Xanth
nintendo-gamecube,GameCube
gamecube,GameCube
theitcrowd,The IT Crowd
mortalkombat,Mortal Kombat
gods-and-demons,Deity
deities,Deity
smallville,Smallville
heros-of-4chan,4chan
it.battlefield,Battlefield (video game series)
battlefield,Battlefield (video game series)
vs,Competition
marvelcinematicuniverse,Marvel Cinematic Universe
goldenboy,Golden Boy (manga)
captaintsubasa,Captain Tsubasa
futurama,Futurama
ru.domb,The Hobbit (film series)
soapbubble,Soap bubble
cityville,CityVille
ru.winxopedia,Winx Club
winx,Winx Club
superman,Superman
snowboarding,Snowboarding
ru.blizz,Blizzard Entertainment
disneychannel,Disney Channel
broadway,Broadway theatre
hi.doraemon,Doraemon
zh.doraemon,Doraemon
doraemon,Doraemon
thenannytv,The Nanny
thenanny,The Nanny
elderscrolls,The Elder Scrolls
proevolutionsoccer,Pro Evolution Soccer
paramore,Paramore
es.paramore,Paramore
columbine,Columbine High School massacre
ru.couragethecowardlydog,Courage the Cowardly Dog
courage,Courage the Cowardly Dog
natsumeyuujinchou,Natsume's Book of Friends
rare,Rare (company)
selenagomez,Selena Gomez
es.selenagomez,Selena Gomez
es.selenag,Selena Gomez
megadeth,Megadeth
trueblood,True Blood
stargate,Stargate SG-1
dubbing,Dubbing
es.total-drama-world-tour,Total Drama World Tour
magnumpi,"Magnum, P.I."
grandchase,Grand Chase
exid,EXID
mash,M*A*S*H (TV series)
pl.mirai-nikki,Future Diary
futurediary,Future Diary
es.mirai-nikki,Future Diary
de.mirai-nikki,Future Diary
rulesofengagement,Rules of Engagement (TV series)
memory-alpha,Memory Alpha
ru.kommissarrex,Inspector Rex
inspectorrex,Inspector Rex
saintsrowfanfiction,Saints Row
ru.saintsrow,Saints Row
pl.saintsrow,Saints Row
fr.saintsrow,Saints Row
de.saintsrow,Saints Row
saintsrow,Saints Row
theofficialbethesdasoftworks,Bethesda Softworks
pingu,Pingu
de.wallaceundgromit,Wallace and Gromit
wallaceandgromit,Wallace and Gromit
felixthecat,Felix the Cat
samuraijack,Samurai Jack
ru.friends,Friends
it.friends,Friends
friends,Friends
07ghost,07-Ghost
redneck,Confederate States of America
blood-lad,Blood Lad
ja.studioghibli,Studio Ghibli
de.ghibli,Studio Ghibli
ghibli,Studio Ghibli
bandydatabase,Bandy
beachboys,The Beach Boys
snes,Super Nintendo Entertainment System
eastonellis,Bret Easton Ellis
lauramarano,Laura Marano
dogdays,Dog Days (Japanese TV series)
mychemicalromance,My Chemical Romance
mrbean,Mr. Bean
petshopboys,Pet Shop Boys
doom,Doom (franchise)
topcat,Top Cat
2stupiddogs,2 Stupid Dogs
fablehaven,Fablehaven
sambahsa,Sambahsa
revengeabc,Revenge (TV series)
westsidestory,West Side Story
renfaire,Renaissance fair
ru.soyuzmultfilm,Soyuzmultfilm
ru.underworld,Underworld (film series)
pt-br.anjos-da-noite,Underworld (film series)
pl.underworldmovies,Underworld (film series)
fr.underworld,Underworld (film series)
es.underworld,Underworld (film series)
de.underworldmovies,Underworld (film series)
underworld,Underworld (film series)
tr.sureklidizi,Regular Show
regularshow,Regular Show
downtownabbey,Downton Abbey
zh.spongebob,SpongeBob SquarePants
uk.spongebob,SpongeBob SquarePants
sr.sundjerbob,SpongeBob SquarePants
ru.spongebob,SpongeBob SquarePants
pt-br.wikiesponja,SpongeBob SquarePants
pl.spongebob,SpongeBob SquarePants
nl.spongebob,SpongeBob SquarePants
ja.spongebob,SpongeBob SquarePants
it.spongebob,SpongeBob SquarePants
id.spongebob,SpongeBob SquarePants
hu.spongyabob,SpongeBob SquarePants
hr.spuzva-bob-skockani,SpongeBob SquarePants
he.wikispongebob,SpongeBob SquarePants
fr.bobleponge,SpongeBob SquarePants
el.spongebob,SpongeBob SquarePants
de.spongebob,SpongeBob SquarePants
cy.spynjbob,SpongeBob SquarePants
bobesponja,SpongeBob SquarePants
ar.spongebob,SpongeBob SquarePants
spongebob,SpongeBob SquarePants
buffy,Buffy the Vampire Slayer
wizardsofwaverlyplace,Wizards of Waverly Place
nintendo64,Nintendo 64
n64,Nintendo 64
treasureisland,Treasure Island
treasure-island,Treasure Island
meitantei-conan,Case Closed
detectiveconan,Case Closed
cbselementary,Elementary (TV series)
teenage-mutant-ninja-turtles-1987-series,Teenage Mutant Ninja Turtles (1987 TV series)
ru.simcity,SimCity
pt-br.simcity,SimCity
fr.simcity,SimCity
fi.simcity,SimCity
es.simcity,SimCity
de.simcity,SimCity
simcity,SimCity
dororo,Dororo
zh.halloween,Halloween
halloween,Halloween
scrubs,Scrubs (TV series)
conanobrien,Conan O'Brien
tdg,Three Days Grace
mythbusters,MythBusters
pathfinder,Pathfinder Roleplaying Game
scoobydoomysteryincorporated,Scooby-Doo! Mystery Incorporated
burnnotice,Burn Notice
anthraxband,Anthrax (American band)
magickaito,Magic Kaito
totaldrama,Total Drama
es.isladeldrama-idd,Total Drama
callofduty,Call of Duty
arcade,Arcade video game
labyrinth,Labyrinth (1986 film)
problemsolverz,The Problem Solverz
antfarm,A.N.T. Farm
starlightexpressmusical,Starlight Express
stephaniebrown,Stephanie Brown (character)
oddworld,Oddworld
the-room,The Room
angeliclayer,Angelic Layer
shazam,Captain Marvel (DC Comics)
hungarian-folk-tales,Hungarian Folk Tales
square,Square (video game company)
junjiitomanga,Junji Ito
dragonlance,Dragonlance
countrymusic,Country music
homeschooling,Homeschooling
ru.fort-boyard,Fort Boyard (game show)
ghostintheshell,Ghost in the Shell
cs.runescape,RuneScape
da.runescape,RuneScape
de.runescape,RuneScape
es.runescape,RuneScape
nl.runescape,RuneScape
viewmaster,View-Master
ubisoft,Ubisoft
bridge,Contract bridge
counterculture,Counterculture
666parkavenue,666 Park Avenue
rpgmaker,RPG Maker
newgrounds,Newgrounds
csi,CSI (franchise)
alf,ALF (TV series)
iamamiwhoami,Iamamiwhoami
usspaceforce,Starcom: The U.S. Space Force
de.liciatroisi,Licia Troisi
ru.dreamworks,DreamWorks Animation
pt-br.dreamworksanimation,DreamWorks Animation
pl.dreamworks,DreamWorks Animation
es.dreamworks,DreamWorks Animation
de.dreamworks,DreamWorks Animation
dreamworks,DreamWorks Animation
sclub7,S Club 7
freaksandgeeks,Freaks and Geeks
vi.narnia,Narnia (world)
ru.narnia,Narnia (world)
pt.narnia,Narnia (world)
pl.narnia,Narnia (world)
ja.narnia,Narnia (world)
id.narnia,Narnia (world)
hu.narnia,Narnia (world)
fr.narnia,Narnia (world)
es.narnia,Narnia (world)
de.narnia,Narnia (world)
narnia,Narnia (world)
tmnt2012series,Teenage Mutant Ninja Turtles (2012 TV series)
teenage-mutant-ninja-turtles-nickelodeon-tv-series,Teenage Mutant Ninja Turtles (2012 TV series)
teenage-mutant-ninja-turtles-2012-series,Teenage Mutant Ninja Turtles (2012 TV series)
teenage-mutant-ninja-turtles-2012,Teenage Mutant Ninja Turtles (2012 TV series)
thomas,Thomas & Friends
ru.thomas,Thomas & Friends
lunchbox,Lunchbox
nadia,Nadia: The Secret of Blue Water
galaxyangel,Galaxy Angel
otogi-jushi-akazukin,Otogi-Jūshi Akazukin
boysoverflowers,Boys Over Flowers
slamdunk,Slam Dunk (manga)
kingarthur,Arthurian Romance
nintendopower,Nintendo Power
ed,"Ed, Edd n Eddy"
little-inferno,Little Inferno
khanacademy,Khan Academy
nausicaa,Nausicaä of the Valley of the Wind (manga)
characters,Character (arts)
fictional-characters,Character (arts)
commodore64,Commodore 64
monk,Monk (TV series)
trans,Transgender
twohalfmen,Two and a Half Men
30rock,30 Rock
zendaya,Zendaya
tombraider,Tomb Raider
ru.tombraider,Tomb Raider
pl.tombraider,Tomb Raider
ja.tombraider,Tomb Raider
it.tombraider,Tomb Raider
fr.tombraider,Tomb Raider
es.tombraider,Tomb Raider
de.tombraider,Tomb Raider
azealia-banks,Azealia Banks
ranma,Ranma ½
beemovie,Bee Movie
90210,90210 (TV series)
yokai,Yōkai
7thheaven,7th Heaven (TV series)
bandai,Bandai
en.crashbandicoot,Crash Bandicoot
ru.minetest,Minetest
jakeandtheneverlandpirates,Jake and the Never Land Pirates
hawaiifiveo,Hawaii Five-0 (2010 TV series)
amiga,Amiga
the-pussycat-dolls,The Pussycat Dolls
fifth-element,The Fifth Element
fma,Fullmetal Alchemist
fightclub,Fight Club
hellokitty,Hello Kitty
yugioh,Yu-Gi-Oh!
ru.monster,Monster
monster,Monster
uglybetty,Ugly Betty
beavisandbutthead,Beavis and Butt-Head
uk.andromeda,Andromeda (TV series)
de.andromeda,Andromeda (TV series)
andromeda,Andromeda (TV series)
nadeo,Nadeo
happydays,Happy Days
he-man,Masters of the Universe
mayberry,The Andy Griffith Show
kekkaishi,Kekkaishi
zatchbell,Zatch Bell!
widgettheworldwatcher,Widget (TV series)
planetoftheapes,Planet of the Apes
gundam,Gundam
coldcase,Cold Case
hanna-barbera,Hanna-Barbera
whentheycry,Higurashi When They Cry
swtor,Star Wars: The Old Republic
csi,CSI: Crime Scene Investigation
sharktale,Shark Tale
kabbalah,Kabbalah
ja.warnerbros,Warner Bros.
fr.warner-bros,Warner Bros.
es.warnerbros,Warner Bros.
el.warnerbros,Warner Bros.
warnerbros,Warner Bros.
kristenstewart.answers,Kristen Stewart
osamu-tezuka,Osamu Tezuka
ru.transgumanizm,Transhumanism
kanzaka,Slayers
zigandsharko,Zig & Sharko
gossipgirl,Gossip Girl
activision,Activision
streetfighter,Street Fighter
legacyofkain,Legacy of Kain
zh.starcraft,StarCraft
th.starcraft,StarCraft
hu.starcraft,StarCraft
ru.starcraft,StarCraft
pt-br.starcraft,StarCraft
pl.starcraft,StarCraft
ko.starcraft,StarCraft
fr.starcraft,StarCraft
es.starcraft,StarCraft
starcraft,StarCraft
zloczyncy,Villain
ru.zlodei,Villain
pt-br.viloes,Villain
it.villains,Villain
fr.mechants,Villain
de.schurken,Villain
villains,Villain
melanierawn,Melanie Rawn
ru.chipanddale,Chip 'n Dale: Rescue Rangers (TV series)
animalcollective,Animal Collective
animaniacs,Animaniacs
nl.reddead,Red Dead Redemption
fr.reddead,Red Dead Redemption
de.reddeadredemption,Red Dead Redemption
de.reddead,Red Dead Redemption
melroseplace,Melrose Place
speedway,Motorcycle speedway
midsomermurders,Midsomer Murders
ru.mods-halflife-and-portal,Half-Life (series)
ru.halflife,Half-Life (series)
hlhokej,Half-Life (series)
halflifemods,Half-Life (series)
halflifemachinima,Half-Life (series)
half-lifefanon,Half-Life (series)
half-life.answers,Half-Life (series)
half-life,Half-Life (series)
es.halflife,Half-Life (series)
pixar,Pixar
es.pixar,Pixar
beaniebabies4evr,Beanie Babies
beaniebabies,Beanie Babies
thementalist,The Mentalist
thegirlsaloud,Girls Aloud
robotwars,Robot Wars (TV series)
cougartown,Cougar Town
springawakening,Spring Awakening (musical)
nitrome,Nitrome
es.nitrome,Nitrome
hikago,Hikaru no Go
watchmen,Watchmen
pt-br.xmen-comics,X-Men
pt.x-men,X-Men
de.x-men,X-Men
x-men,X-Men
ru.scoobydoo,Scooby-Doo
scoobydoo,Scooby-Doo
er,ER (TV series)
toon-disney,Toon Disney
disneyjuniorpedia,Disney Junior
larryniven,Larry Niven
rockyhorror,The Rocky Horror Show
attackontitan,Attack on Titan
relichunter,Relic Hunter
ru.youngjustice,Young Justice (TV series)
youngjustice,Young Justice (TV series)
terraformars,Terra Formars
ru.terra-formars,Terra Formars
es.terraformars,Terra Formars
bionicle,Bionicle
beinghuman,Being Human (North American TV series)
supernatural,Supernatural (American TV series)
h2o,H2O: Just Add Water
streetsharks,Street Sharks
kendricklamar,Kendrick Lamar
happytreefriendsfanon,Happy Tree Friends
happytreefriends,Happy Tree Friends
squareenix,Square Enix
fr.squareenix,Square Enix
es.squareenix,Square Enix
bones,Bones (TV series)
theatari,Atari
atari,Atari
that70sshow,That '70s Show
officialbellathorne,Bella Thorne
bellathornefan,Bella Thorne
ultimateghostwhisperer,Ghost Whisperer
ghostwhisperer,Ghost Whisperer
atlantisthelostempire,Atlantis: The Lost Empire
yuripedia,Yuri (genre)
lovehina,Love Hina
californication,Californication (TV series)
mana,Mana (series)
e4-misfits,Misfits (TV series)
pat-and-mat,Pat & Mat
secretlife,The Secret Life of the American Teenager
unforgettable,Unforgettable (American TV series)
mattel,Mattel
switchedatbirth,Switched at Birth (TV series)
de.kwak,Alfred J. Kwak
supernanny,Supernanny
dukenukem,Duke Nukem
sv.sunebert,Bert Diaries
rct,RollerCoaster Tycoon
thebirthdaymassacre,The Birthday Massacre
pt-br.thebirthdaymassacre,The Birthday Massacre
hannahmontana,Hannah Montana
ru.brave,Brave (2012 film)
flintstones,The Flintstones
onetreehill,One Tree Hill (TV series)
activism,Activism
beyondbelief,Beyond Belief: Fact or Fiction
costumequest,Costume Quest
catholicum,Catholic Encyclopedia
kyoukaramaou,Kyo Kara Maoh!
deepolis,Deepolis
freshprince,The Fresh Prince of Bel-Air
namco,Namco
madmagazine,Mad (magazine)
ru.gravityfalls,Gravity Falls
gravityfalls,Gravity Falls
es.gravityfalls,Gravity Falls
de.gravityfalls,Gravity Falls
rent,Rent (musical)
thelatestbuzz,The Latest Buzz
black-mirror,Black Mirror
personofinterest,Person of Interest (TV series)
discovery-family,Discovery Family
talespin,TaleSpin
ru.talespin,TaleSpin
jag,JAG (TV series)
rockosmodernlife,Rocko's Modern Life
audiosurf,Audiosurf
skullgirls,Skullgirls
es.skullgirls,Skullgirls
simpsonstappedout,The Simpsons: Tapped Out
pt-br.the-simpsons-tapped-out,The Simpsons: Tapped Out
amazingspiez,The Amazing Spiez!
weirdscience,Weird Science (film)
skipedia,Skiing
zh-tw.wowwiki,World of Warcraft
zh.wowwiki,World of Warcraft
sk.wowwiki,World of Warcraft
ru.wowwiki,World of Warcraft
pt-br.wowwiki,World of Warcraft
pt.wowwiki,World of Warcraft
pl.wowwiki,World of Warcraft
no.wowwiki,World of Warcraft
nl.wowwiki,World of Warcraft
lt.wowwiki,World of Warcraft
he.wowwiki,World of Warcraft
el.wowwiki,World of Warcraft
da.wowwiki,World of Warcraft
cs.wowwiki,World of Warcraft
ko.wowwiki,World of Warcraft
ja.wowwiki,World of Warcraft
it.wowpedia,World of Warcraft
hu.wowwiki,World of Warcraft
fr.wowwiki,World of Warcraft
de.wowwiki,World of Warcraft
es.wow,World of Warcraft
wowpedia,World of Warcraft
scientology,Scientology
commodore,Commodore International
raymond,Everybody Loves Raymond
marriedwithchildren,Married... with Children
1nsane,Insane (2000 video game)
frasier,Frasier
peel,John Peel
fifa,FIFA (video game series)
ikariam,Ikariam
terraria,Terraria
stine,R. L. Stine
zim,Invader Zim
pl.zim,Invader Zim
invaderzimfanon,Invader Zim
eastenders,EastEnders
boyscoutsofamerica,Boy Scouts of America
soundvoltex,Sound Voltex
nypdblue,NYPD Blue
grease,Grease (musical)
brink,Brink (video game)
dragonquest,Dragon Quest
wicked,Wicked (musical)
pt-br.johnnytest,Johnny Test
johnnytest,Johnny Test
johnny-test-and-friends,Johnny Test
es.johnnytestx,Johnny Test
es.johnnytest,Johnny Test
galactica,Battlestar Galactica
primeval,Primeval (TV series)
ru.gma,Garry's Mod
ru.garrys-modseries,Garry's Mod
gmodworkshop,Garry's Mod
garrysmod.answers,Garry's Mod
garrys-mod-zombie-apocalypse,Garry's Mod
gmod,Garry's Mod
spawn,Spawn (character)
arm,Upper limb
ro.csgo,Counter-Strike: Global Offensive
pl.csgo,Counter-Strike: Global Offensive
de.csgo,Counter-Strike: Global Offensive
vi.tomandjerry,Tom and Jerry
ru.tomandjerry,Tom and Jerry
pt-br.tomejerry,Tom and Jerry
pl.tom-i-jerry,Tom and Jerry
id.tomandjerry,Tom and Jerry
es.tomyjerry,Tom and Jerry
tomandjerry,Tom and Jerry
ultimatepopculture,Popular culture
hbo-rome,Rome (TV series)
babylon5,Babylon 5
destiny,Destiny (video game)
americandad,American Dad!
spore,Spore (2008 video game)
ru.powerrangers,Power Rangers
pl.powerrangers,Power Rangers
nl.powerrangers,Power Rangers
fr.powerrangers,Power Rangers
es.powerrangers,Power Rangers
de.power-rangers,Power Rangers
powerrangers,Power Rangers
ru.nu-pogodi,"Well, Just You Wait!"
thegirlwholeptthroughtime,The Girl Who Leapt Through Time (2006 film)
eve,Eve Online
thebiglebowski,The Big Lebowski
growingupcreepie,Growing Up Creepie
nightmareonelmstreet,A Nightmare on Elm Street (franchise)
terminator,Terminator (franchise)
ru.terminator,Terminator (franchise)
pt-br.exterminadordofuturo,Terminator (franchise)
pl.terminator,Terminator (franchise)
ja.terminator,Terminator (franchise)
fr.terminator,Terminator (franchise)
es.terminator,Terminator (franchise)
de.terminator,Terminator (franchise)
lovecraft,Cthulhu Mythos
es.hplovecraft,Cthulhu Mythos
de.lovecraft,Cthulhu Mythos
aqua-teen-hunger-force,Aqua Teen Hunger Force
aquaman,Aquaman
samandcat2,Sam & Cat
samandcat,Sam & Cat
pt-br.samandcatbr,Sam & Cat
nick-samandcat,Sam & Cat
es.samandcat,Sam & Cat
newgirl,New Girl
computervision,Computer vision
gameshows,Game show
eurobeat,Eurobeat
janetjackson,Janet Jackson
de.prowrestling,Professional wrestling
vim,Vim (text editor)
desperatehousewives,Desperate Housewives
ru.vanhelsing,Van Helsing (film)
ru.hobbes,Calvin and Hobbes
calvinandhobbes,Calvin and Hobbes
subgenius,Church of the SubGenius
willandgrace,Will & Grace
fawltytowers,Fawlty Towers
catsmusical,Cats (musical)
wonder-woman,Wonder Woman
modeltrains,Rail transport modelling
suddenattack,Sudden Attack
interplay,Interplay Entertainment
ru.coincollecting,Numismatics
coincollecting,Numismatics
arcanum,Arcanum: Of Steamworks and Magick Obscura
edm,Electronic dance music
uk.ninjago,Ninjago (TV series)
ru.ninjago,Ninjago (TV series)
pt-br.ninjago,Ninjago (TV series)
pl.ninjago,Ninjago (TV series)
es.ninjago,Ninjago (TV series)
de.lego-ninjago,Ninjago (TV series)
bg.ninjago-viki,Ninjago (TV series)
ninjago,Ninjago (TV series)
manhunt,Manhunt (video game)
fantasy,Fantasy
gta,Grand Theft Auto
es.bridgitmendler,Bridgit Mendler
bridgitmendlerinfo,Bridgit Mendler
bridgitmendler,Bridgit Mendler
gameandwatch,Game & Watch
metalgear,Metal Gear
kingkong,King Kong
johnnybravo,Johnny Bravo
fortnite,Fortnite
premierepro,Adobe Premiere Pro
magiccity,Magic City (TV series)
dollhouse,Dollhouse (TV series)
bartimaeus,Bartimaeus Sequence
tr.nazilli,Nazilli
codelyoko,Code Lyoko
tr.teentitans,Teen Titans (TV series)
ru.teen-titans,Teen Titans (TV series)
pt-br.teentitans,Teen Titans (TV series)
pl.teentitans,Teen Titans (TV series)
es.teentitans,Teen Titans (TV series)
teentitans,Teen Titans (TV series)
areyoubeingserved,Are You Being Served?
forgottenrealms,Forgotten Realms
totaldramaactionfanon,Total Drama Action
smg2,Super Mario Galaxy 2
smariogalaxy2,Super Mario Galaxy 2
galaxy2mario,Super Mario Galaxy 2
rosariovampirefanon,Rosario + Vampire
rosariovampire,Rosario + Vampire
es.rosariovampire,Rosario + Vampire
serioussam,Serious Sam
sel,Serial Experiments Lain
hkrail,Rail transport in Hong Kong
zatanna,Zatanna
nintendogs,Nintendogs
pt-br.blue-sky-studios,Blue Sky Studios
bstudios,Blue Sky Studios
monster-buster-club,Monster Buster Club
dcau,DC Animated Universe
thechallenge,The Challenge (TV series)
dexterslab,Dexter's Laboratory
elevation,Elevator
beegees,Bee Gees
stateofdecay,State of Decay (video game)
jonasbrothers,Jonas Brothers
airsoft,Airsoft
jonas,Jonas (TV series)
adjl,American Dragon: Jake Long
phineasandferb,Phineas and Ferb
maxandruby,Max & Ruby
skillet,Skillet (band)
adultswim,Adult Swim
battleroyale,Battle Royale (film)
sugarsugarrune,Sugar Sugar Rune
irongiant,The Iron Giant
theamazingworldofgumball,The Amazing World of Gumball
ru.netflix,Netflix
pt-br.netflix,Netflix
pl.netflix,Netflix
it.netflix,Netflix
es.netflix,Netflix
netflix,Netflix
zh.touhou,Touhou Project
ru.touhou,Touhou Project
pt.touhou,Touhou Project
pl.touhou,Touhou Project
ja.touhou,Touhou Project
fr.touhou,Touhou Project
es.touhou,Touhou Project
de.touhou,Touhou Project
touhou,Touhou Project
fiveds,Dodgeball: A True Underdog Story
donnasummer,Donna Summer
pl.generator-rex,Generator Rex
es.generadorrex,Generator Rex
generatorrex,Generator Rex
infowars,Information warfare
curling,Curling
cosplay,Cosplay
oregairu,"My Youth Romantic Comedy Is Wrong, as I Expected"
parksandrecreation,Parks and Recreation
terranova,Terra Nova (TV series)
shamanking,Shaman King
ufology,Ufology
tr.ogame,OGame
pt-br.wikiogame,OGame
pl.ogame,OGame
ogame,OGame
ko.ogame,OGame
ja.ogame,OGame
it.ogame,OGame
hr.ogame,OGame
fr.ogame,OGame
es.ogame,OGame
de.ogame,OGame
da.ogame,OGame
totalwar,Total War (video game series)
alastairreynolds,Alastair Reynolds
ru.darkwingduck,Darkwing Duck
de.darkwingduck,Darkwing Duck
darkwingduck,Darkwing Duck
fluch-der-karibik,Pirates of the Caribbean
3rdrock,3rd Rock from the Sun
lupin,Lupin the Third
de.animalcrossing-ww,Animal Crossing: Wild World
blackbooks,Black Books
bluebloodstv,Blue Bloods (TV series)
goldengirls,The Golden Girls
toastmasters,Toastmasters International
videogamehistory,History of video games
megasxlr,Megas XLR
extereme-dinosaurs,Extreme Dinosaurs
spyro,Spyro
lois-and-clark-the-new-adventures-of-superman,Lois & Clark: The New Adventures of Superman
fallingskies,Falling Skies
juniperlee,The Life and Times of Juniper Lee
1001films,1001 Movies You Must See Before You Die
cbbc,CBBC
freelancer,Freelancer (video game)
revengeoftheisland,Total Drama: Revenge of the Island
it.howimetyourmother,How I Met Your Mother
how-i-met-your-mother,How I Met Your Mother
fr.howimetyourmother,How I Met Your Mother
it.arianagrande,Ariana Grande
es.ariana-grande,Ariana Grande
arianagrande,Ariana Grande
baywatch,Baywatch
leagueoflegends,League of Legends
steampunk,Steampunk
madmen,Mad Men
althistory,Alternate history
elizabethgillies,Elizabeth Gillies
christinamilian,Christina Milian
cowboybebop,Cowboy Bebop
ru.dorama,Japanese television drama
chipndale,Chip 'n' Dale
lagooncompany,Black Lagoon
poptropica,Poptropica
blosc,Buzz Lightyear of Star Command
captainscarlet,Captain Scarlet and the Mysterons
cardiacs,Cardiacs
ru.bindingofisaac,The Binding of Isaac (video game)
pl.bindingofisaac,The Binding of Isaac (video game)
fr.thebindingofisaac,The Binding of Isaac (video game)
fr.the-binding-of-isaac-rebirth-fr,The Binding of Isaac (video game)
es.bindingofisaac,The Binding of Isaac (video game)
de.bindingofisaac,The Binding of Isaac (video game)
bindingofisaac,The Binding of Isaac (video game)
tokimemo,Tokimeki Memorial
ultimaonline,Ultima Online
428-shibuya-scramble,428: Shibuya Scramble
sonic,Sonic the Hedgehog
tsuntsun,Tsundere
quibi,Quibi
mineplex,Mineplex
legocityadventures,Lego City Adventures
farmerbob-lore,FarmerBob
fukaboku,Love Me for Who I Am
bt21,BT21
bocchi-the-rock,Bocchi the Rock!
isekai-ojisan,Uncle from Another World
rocketpunch,Rocket Punch
cardgames,Card game
badpiggies,Bad Piggies
krabat,Krabat
onedirectioninfection,One Direction
onedirection,One Direction
fr.onedirection,One Direction
es.onedirection,One Direction
de.onedirection,One Direction
itv,ITV (TV network)
turtle,Turtle
warzone2100,Warzone 2100
castle,Castle (TV series)
anticapitaliste,Anti-capitalism
ageofwonders,Age of Wonders
de.bobsburgers,Bob's Burgers
bobs-burgers,Bob's Burgers
gmanetwork,GMA Network
planet51,Planet 51
treehousetv,Treehouse TV
masseffect,Mass Effect
helloproject,Hello! Project
googledevelopers,Google Developers
evilgenius,Evil Genius (video game)
imageboard,Imageboard
chans,Imageboard
gltas,Green Lantern: The Animated Series
pl.gltas,Green Lantern: The Animated Series
the-hockey-girls,The Hockey Girls
ca.les-de-lhoquei-wiki,The Hockey Girls
glitchtechs,Glitch Techs
arknights,Arknights
minecraft-earth,Minecraft Earth
jellesmarbleruns,Jelle's Marble Runs
sky-children-of-the-light,Sky (video game)
vampire-the-masquerade-la-by-night,L.A. by Night
bestbugsforever,Best Bugs Forever
nevermoor,The Nevermoor series
pl.eldenring,Elden Ring
it.eldenring,Elden Ring
eldenring,Elden Ring
dawn-of-man,Dawn of Man
lastepoch,Last Epoch
ru.lobotomycorp,Lobotomy Corporation
lobotomycorp,Lobotomy Corporation
ja.lobotomy-corporation,Lobotomy Corporation
ashesofcreation,Ashes of Creation
genshin-impact,Genshin Impact
dropout,Dropout (streaming platform)
zoeysextraordinaryplaylist,Zoey's Extraordinary Playlist
glee,Glee (TV series)
jetix,Jetix
it.squadraspecialecobra11,Alarm für Cobra 11 – Die Autobahnpolizei
princeofpersia,Prince of Persia
littlemix,Little Mix
teenage-mutant-ninja-turtles-2003-series,Teenage Mutant Ninja Turtles (2003 TV series)
freeciv,Freeciv
alloallo,'Allo 'Allo!
hh,Hogan's Heroes
greysanatomy,Grey's Anatomy
peterfhamilton,Peter F. Hamilton
turtledove,Harry Turtledove
net-idol,Net idol
lcars,LCARS
matchbox,Matchbox (brand)
warface,Warface
lastexile,Last Exile
typemoon,Type-Moon
it.typemoon,Type-Moon
taito,Taito
epicrapbattlesofhistory,Epic Rap Battles of History
kingdom,Kingdom (manga)
intellivision,Intellivision
ru.uncharted,Uncharted
pl.uncharted,Uncharted
es.uncharted,Uncharted
de.uncharted,Uncharted
uncharted,Uncharted
lifeunexpected,Life Unexpected
pl.mako-mermaids,Mako: Island of Secrets
makomermaids,Mako: Island of Secrets
mako-mermaids1,Mako: Island of Secrets
mako-mermaids-an-h2o-adventure,Mako: Island of Secrets
symbionic,Sym-Bionic Titan
defendersquest,Defender's Quest
a-short-hike,A Short Hike
kandagawajetgirls,Kandagawa Jet Girls
breach,Breach (cancelled video game)
ru.evangelion,Neon Genesis Evangelion (franchise)
pt-br.neongenesisevangelion,Neon Genesis Evangelion (franchise)
fr.evangelion,Neon Genesis Evangelion (franchise)
evangelionfanon,Neon Genesis Evangelion (franchise)
evangelion,Neon Genesis Evangelion (franchise)
es.evangelion,Neon Genesis Evangelion (franchise)
de.evangelion,Neon Genesis Evangelion (franchise)
gecpedia,100 Gecs
modao-zushi,Grandmaster of Demonic Cultivation
greenhell,Green Hell (video game)
wolfwalkers,Wolfwalkers
paramount,Paramount Pictures
playmobil,Playmobil
07th-expansion,07th Expansion
0ad,0 A.D. (video game)
nickiminaj,Nicki Minaj
es.nickiminaj,Nicki Minaj
ru.hero,Hero
pl.bohaterowie,Hero
ja.hero,Hero
hero,Hero
fr.heros,Hero
es.heros,Hero
rosslynch,Ross Lynch
farscape,Farscape
pl.malazan,Malazan Book of the Fallen
malazan,Malazan Book of the Fallen
it.malazan,Malazan Book of the Fallen
es.malaz-es,Malazan Book of the Fallen
de.malazan,Malazan Book of the Fallen
fanfiction,Fan fiction
theneverendingstory,The Neverending Story
captainplanet,Captain Planet and the Planeteers
alldogsgotoheaven,All Dogs Go to Heaven
zh.megamitensei,Megami Tensei
ru.megamitensei,Megami Tensei
pt-br.megamitensei,Megami Tensei
ja.megamitensei,Megami Tensei
fr.megamitensei,Megami Tensei
es.megamitensei,Megami Tensei
megamitensei,Megami Tensei
chefville,ChefVille
mlp,My Little Pony
psg,Panty & Stocking with Garterbelt
lawandorder,Law & Order (franchise)
biopunk,Biopunk
munster,The Munsters
de.gothic,Gothic (series)
gothic,Gothic (series)
smbc,Super Mario Bros. Crossover
clarissaexplainsitall,Clarissa Explains It All
watamote,"No Matter How I Look at It, It's You Guys' Fault I'm Not Popular!"
primaltv,Primal (TV series)
edgeofeternity,Edge of Eternity (video game)
the-legend-of-bumbo,The Legend of Bum-bo
strawberry-prince,Strawberry Prince
the-magnus-archives,The Magnus Archives
de.hazbin-hotel,Hazbin Hotel
ru.hazbinhotel,Hazbin Hotel
pl.hazbinhotel,Hazbin Hotel
ja.hazbinhotel,Hazbin Hotel
hazbinhotel,Hazbin Hotel
fr.hazbin-hotel,Hazbin Hotel
es.hazbinhotel,Hazbin Hotel
tell-me-why,Tell Me Why (video game)
sayonara-wild-hearts,Sayonara Wild Hearts
helluvaboss,Helluva Boss
paramount,Paramount Global
worldbox-sandbox-god-simulator,WorldBox
the-official-worldbox-wiki,WorldBox
shadowfight,Shadow Fight
brand-new-animal,BNA: Brand New Animal
boneworks,Boneworks
spiritfarer,Spiritfarer
haibanerenmei,Haibane Renmei
spy-vs-spy.fandom,Spy vs. Spy
starfox,Star Fox
spaceengine,SpaceEngine
ru.wod,World of Darkness
earthfinalconflict,Earth: Final Conflict
kyle-rittenhouse,Kyle Rittenhouse
projectsekai,Hatsune Miku: Colorful Stage!
the-mogai-community,MOGAI
rainbowpedia,MOGAI
mogai,MOGAI
ko.mogai-prideflag,MOGAI
darksouls,Dark Souls
ragnorium,Ragnorium
overwatch,Overwatch
going-under,Going Under (video game)
phasmophobia,Phasmophobia (video game)
thefungies,The Fungies!
pt-br.oelliottdaterra,Elliott from Earth
pl.elliott-z-planety-ziemia,Elliott from Earth
fr.elliottleterrien,Elliott from Earth
elliottfromearth,Elliott from Earth
aespa,Aespa
thenhl,National Hockey League
sv.nhl,National Hockey League
nightcourt,Night Court
spartacus,Spartacus (TV series)
afterearth,After Earth
cs.wow,WoWWiki
wowwiki,WoWWiki
es.polybius,Polybius (urban legend)
brucespringsteen,E Street Band
theghostandmollymcgee,The Ghost and Molly McGee
voidbastards,Void Bastards
whatwedointheshadows,What We Do in the Shadows (franchise)
local58,Local 58
zyxx,Mission to Zyxx
sanah,Sanah (singer)
es.action-taimanin,Action Taimanin
action-taimanin,Action Taimanin
nakitaiwatashi,A Whisker Away
vi.otonari-no-tenshisama-tieng-viet,The Angel Next Door Spoils Me Rotten
otonari-no-tenshi,The Angel Next Door Spoils Me Rotten
iron-harvest,Iron Harvest
ja.missionimpossible,Mission: Impossible
missionimpossible,Mission: Impossible
splatoon,Splatoon
timeteam,Time Team
macross,Macross
conworld,Worldbuilding
renaissancekingdoms,Renaissance Kingdoms
wurmpedia,Wurm Online
rainbowbrite,Rainbow Brite (1984 TV series)
archiesonic,Sonic the Hedgehog (Archie Comics)
moongirlanddevildinosaur,Moon Girl and Devil Dinosaur
omori,Omori (video game)
loophero,Loop Hero
wynncraft,Wynncraft
fridaynightfunkin,Friday Night Funkin'
lateralligator,Later Alligator (video game)
everhood,Everhood
middlemost-post,Middlemost Post
notforbroadcast,Not For Broadcast
hercules-xena,Xenaverse
charmed,Charmed
sawfish,Sawfish (window manager)
angrybirds,Angry Birds
100bullets,100 Bullets
avenged-sevenfold,Avenged Sevenfold
beyondtwosouls,Beyond: Two Souls
de.fallout,Fallout (series)
ccfalloutroleplaying,Fallout (series)
fallout,Fallout (series)
klaus-schulze,Klaus Schulze
nursery-rhymes-wiki,Nursery rhyme
rainbowmagic,Rainbow Magic
dicktracy,Dick Tracy
clonewars,Clone Wars (Star Wars)
wiisportsresort,Wii Sports Resort
sanrio,Sanrio
emmaavictorianromance,Emma (manga)
themiddle,The Middle (TV series)
royalpains,Royal Pains
dddiva,Drop Dead Diva
animalcrossing,Animal Crossing
crimsonskies,Crimson Skies
disneyprincess,Disney Princess
secondsfromdisaster,Seconds from Disaster
coronavirus,COVID-19 pandemic
crossfirex,CrossfireX
sidemen,Sidemen (YouTube group)
ru.kipo,Kipo and the Age of Wonderbeasts
kipo,Kipo and the Age of Wonderbeasts
trex-runner,Dinosaur Game
senior-discount-lore,Senior Discount (SpongeBob SquarePants)
lovecraft,H. P. Lovecraft
es.hplovecraft,H. P. Lovecraft
de.lovecraft,H. P. Lovecraft
psp,PlayStation Portable
playstationportable,PlayStation Portable
newsupermariobroswii,New Super Mario Bros. Wii
lego,Lego
supermariogalaxy,Super Mario Galaxy
sonsofanarchy,Sons of Anarchy
nes,Nintendo Entertainment System
twm,The Wicker Man
ko.mabinogi,Mabinogi (video game)
sawfilms,Saw (franchise)
politicabr,Politics of Brazil
phantomoftheopera,Phantom of the Opera (1976 musical)
mysocalledlife,My So-Called Life
daria,Daria
es.deadoralive,Dead or Alive (franchise)
deadoralive,Dead or Alive (franchise)
dead-or-alive,Dead or Alive (franchise)
deathinparadise,Death in Paradise (TV series)
wikijail,Superjail!
superjail,Superjail!
billyunger,Billy Unger
shiki,Shiki (novel)
satellaview,Satellaview
precure,Pretty Cure
littleshop,Little Shop of Horrors (film)
ru.shrek,Shrek (franchise)
pt.shrek,Shrek (franchise)
pt-br.shrek,Shrek (franchise)
es.shrek,Shrek (franchise)
shrek,Shrek (franchise)
layton,Professor Layton
it.layton,Professor Layton
fr.professeur-layton,Professor Layton
es.layton,Professor Layton
de.layton,Professor Layton
inosaucers,Dinosaucers
covid19,COVID-19
blackbook,Black Book (video game)
conquerorsblade,Conqueror's Blade
fallguysultimateknockout,Fall Guys
gerontology,Gerontology Research Group
smite,Smite (video game)
ru.ghostbusters,Ghostbusters (franchise)
ghostbusters,Ghostbusters (franchise)
dieselpunk,Dieselpunk
expedition,Expedition (book)
reboot,ReBoot
guilty-gear,Guilty Gear
chuckecheese,Chuck E. Cheese
chucke,Chuck E. Cheese
mocktheweek,Mock the Week
spykids,Spy Kids
stalker,S.T.A.L.K.E.R.
outlawstar,Outlaw Star
de.vroniplag,VroniPlag Wiki
the-spiral-zone,Spiral Zone
sietevidas,7 vidas
zoids,Zoids
chibirobo,Chibi-Robo! (video game)
shadowraiders,Shadow Raiders
legendofdragoon,The Legend of Dragoon
indianajones,Indiana Jones
firemansam,Fireman Sam
masters-of-sex,Masters of Sex
vikings,Vikings (TV series)
gravitymovie,Gravity (2013 film)
toweroffantasy,Tower of Fantasy
sonsoftheforest,Sons of the Forest
old-gods-of-appalachia,Old Gods of Appalachia
needy-streamer-overload,Needy Streamer Overload
presentable-liberty,Presentable Liberty
extreme-hearts,Extreme Hearts
backrooms-freewriting,The Backrooms
hokkolife,Hokko Life
disneydreamlightvalley,Disney Dreamlight Valley
irishcomics,Irish comics
legendofkeepers,Legend of Keepers: Career of a Dungeon Manager
analog-horror-0,Analog horror
ultra-violet-black-scorpion,Ultra Violet & Black Scorpion
pop-pixies,PopPixie
fr.akame-ga-kill,Akame ga Kill!
es.akamegakillfanon,Akame ga Kill!
es.akamegakill,Akame ga Kill!
de.akamegakill,Akame ga Kill!
akamegakill,Akame ga Kill!
the-handmaids-tale,The Handmaid's Tale
troika,Troika Games
obscure,Obscure (video game)
fastandfurious,Fast & Furious
exosquad,Exosquad
vanhelsing,Abraham Van Helsing
deadpool,Deadpool
eanhl,NHL (video game series)
vi.sailormoon,Sailor Moon
ru.sailormoon,Sailor Moon
ro.sailormoon,Sailor Moon
pt-br.sailormoon,Sailor Moon
pl.sailormoon,Sailor Moon
ja.sailormoon,Sailor Moon
hu.sailormoon,Sailor Moon
fr.sailor-moon-crystal,Sailor Moon
es.sailormoon,Sailor Moon
de.sailor-moon,Sailor Moon
sailormoon,Sailor Moon
midgard,Midgard (software)
katawashoujo,Katawa Shoujo
planeshift,PlaneShift (video game)
railroadtycoon,Railroad Tycoon
railroad-tycoon,Railroad Tycoon
fireemblem,Fire Emblem
kylie-k-jenner,Kylie Jenner
evanescence,Evanescence
ru.earthbound,Mother (video game series)
earthbound,Mother (video game series)
supermeatboy,Super Meat Boy
ru.supermeatboy,Super Meat Boy
stayc,STAYC
mad-rat-dead,Mad Rat Dead
kaiserreich,Kaiserreich: Legacy of the Weltkrieg
kyuukyoku-shinka-shita-full-dive-rpg,Full Dive
kaiju-no-8,Kaiju No. 8
bella-poarch,Bella Poarch
back4blood,Back 4 Blood
eternalreturn,Eternal Return (video game)
go-dog-go,"Go, Dog. Go! (TV series)"
hdtf,Hunt Down the Freeman
bgyo,BGYO
turningred,Turning Red
lego-super-mario,Lego Super Mario
dungeons-and-daddies-podcast,Dungeons & Daddies
skul,Skul: The Hero Slayer
ittakestwo,It Takes Two (video game)
valheim,Valheim
rogue-heroes-ruins-of-tasos,Rogue Heroes: Ruins of Tasos
thomas-and-friends-all-engines-go,Thomas & Friends: All Engines Go
meeloise,Eloise (books)
honorverse,Honorverse
zh.bilibili,Bilibili
es.jack-t-chick,Jack Chick
kongregate,Kongregate
geofs,GeoFS
playstationmoveheroes,PlayStation Move Heroes
doubledragon,Double Dragon
hyperscan,HyperScan
world-war-2,World War II
ru.2worldwar,World War II
psychonauts,Psychonauts
chan,Tweeny Witches
pg2,Panzer General II
qi,QI
transformers,Transformers
playstation,PlayStation
bosstones,The Mighty Mighty Bosstones
leisuresuitlarry,Leisure Suit Larry
animeblushes,Blushing
diary-of-a-wimpy-kid,Diary of a Wimpy Kid
yinyangyo,Yin Yang Yo!
11eyes,11eyes: Tsumi to Batsu to Aganai no Shōjo
ru.dinosaurtrain,Dinosaur Train
dtrain,Dinosaur Train
fatherted,Father Ted
gegegenokitaro,GeGeGe no Kitarō
arleandcarbuncle,Puyo Puyo
jekyllmusical,Jekyll & Hyde (musical)
pl.tmnt,Teenage Mutant Ninja Turtles
es.tortugasninja,Teenage Mutant Ninja Turtles
de.tmnt,Teenage Mutant Ninja Turtles
turtlepedia,Teenage Mutant Ninja Turtles
matildathemusical,Matilda the Musical
twewy,The World Ends with You
totalhousefisherprice,Fisher-Price
whitewolf,White Wolf Publishing
simonscat,Simon's Cat
simoncat,Simon's Cat
quintet,Quintet (company)
openarena,OpenArena
texmurphy,Tex Murphy
marvelsuperwar,Marvel Super War
diabotical,Diabotical
twisted-wonderland,Disney Twisted-Wonderland
bugfables,Bug Fables: The Everlasting Sapling
the-bravest-knight,The Bravest Knight
clone-hero,Clone Hero
ponylife,My Little Pony: Pony Life
big-chungus,Big Chungus
petscop,Petscop
vinesauce,Vinesauce
bugsnax,Bugsnax
returnal,Returnal (video game)
kena-bridge-of-spirits,Kena: Bridge of Spirits
littledevilinside,Little Devil Inside
stray,Stray (video game)
bpositive,B Positive
blood,Blood (2018 TV series)
elinor-wonders-why,Elinor Wonders Why
among-us,Among Us
escaped-chasm,Escaped Chasm
siivagunner,SiIvaGunner
lilypichu,LilyPichu
hyperscape,Hyper Scape
oshinoko,Oshi no Ko
sailormoondrops,Sailor Moon Drops
mamahaha-no-tsurego-ga-motokano-datta,My Stepmom's Daughter Is My Ex
pl.luca,Luca (2021 film)
luca,Luca (2021 film)
adoptme,Adopt Me!
spongebob,SpongeBob SquarePants (franchise)
american-song-contest,American Song Contest
bus-simulator,Bus Simulator
frieren,Frieren
dorondororon,Doron Dororon
lycoris-recoil,Lycoris Recoil
ru.james-camerons-avatar,Fictional universe of Avatar
pl.james-camerons-avatar,Fictional universe of Avatar
nl.james-camerons-avatar,Fictional universe of Avatar
james-camerons-avatar,Fictional universe of Avatar
ja.james-camerons-avatar,Fictional universe of Avatar
hu.james-camerons-avatar,Fictional universe of Avatar
fr.avatar-film,Fictional universe of Avatar
es.james-camerons-avatar,Fictional universe of Avatar
de.james-camerons-avatar,Fictional universe of Avatar
mspaintadventures,Homestuck
girlgenius,Girl Genius
baldursgate,Baldur's Gate
ranczo,Ranczo (TV series)
ru.mashaandthebear,Masha and the Bear
masha-and-the-bear,Masha and the Bear
zh.batman,Batman
ru.batman,Batman
pt-br.batman,Batman
pl.batman,Batman
ja.batman,Batman
es.batman,Batman
de.batman,Batman
batman,Batman
spelunky,Spelunky
diehard,Die Hard (film series)
the-villains-of-valley-view,The Villains of Valley View
gemini-home-entertainment,Gemini Home Entertainment
elemental,Elemental (2023 film)
yuppiepsycho,Yuppie Psycho
newjeans,NewJeans
exocolonist,I Was a Teenage Exocolonist
rosies-rules,Rosie's Rules
limelightseoul,LimeLight
sv.eurovision-song-contest,Eurovision Song Contest
eurosong-contest,Eurovision Song Contest
history,History
astronomy,Astronomy
astronomical,Astronomy
civilization,Civilization (series)
lollipopchainsaw,Lollipop Chainsaw
lostgirl,Lost Girl
timehollow,Time Hollow
mst3k,Mystery Science Theater 3000
shipping,Shipping (fandom)
moralorel,Moral Orel
ru.schastliviwmeste,Happy Together (Russian TV series)
muppet,The Muppets
fictional-cities,Fictional city
riddick,The Chronicles of Riddick (franchise)
pvpgn,PvPGN
rifftrax,RiffTrax
fruitninja,Fruit Ninja
fr.highlander,Highlander (franchise)
highlander,Highlander (franchise)
pl.x-mencinematicuniverse,X-Men (film series)
fr.xmen,X-Men (film series)
es.x-men,X-Men (film series)
xmenmovies,X-Men (film series)
impractical-jokers,Impractical Jokers
universalmonsters,Universal Classic Monsters
pennyarcade,Penny Arcade
austinpowers,Austin Powers (character)
robocop,RoboCop (franchise)
cyanideandhappiness,Cyanide & Happiness
ru.kung-fu-panda,Kung Fu Panda
nl.kungfupanda,Kung Fu Panda
kungfupanda,Kung Fu Panda
fr.kungfupanda,Kung Fu Panda
es.kungfupanda,Kung Fu Panda
de.kungfupanda,Kung Fu Panda
16andpregnant,16 and Pregnant
www.portroyale3,Port Royale 3: Pirates & Merchants
whitestkids,The Whitest Kids U' Know
raggedyann,Raggedy Ann
revelationspace,Revelation Space series
transportgiant,Transport Giant
cinematictitanic,Cinematic Titanic
slycooperwikiwonderhow,Sly Cooper
slycooper,Sly Cooper
es.slycooper,Sly Cooper
patrician3,Patrician III: Rise of the Hanse
es.syphonfilter,Syphon Filter
syphonfilter,Syphon Filter
ru.madagascar,Madagascar (franchise)
pt-br.madagascar,Madagascar (franchise)
pinguinosdemadagascar,Madagascar (franchise)
ms.madagascar,Madagascar (franchise)
fi.madagascar,Madagascar (franchise)
de.madagascar,Madagascar (franchise)
madagascar,Madagascar (franchise)
bowserkoopa,Koopa Troopa
actionman,Action Man
thegreatestamericanhero,The Greatest American Hero
sunsoft,Sunsoft
dresdenfiles,The Dresden Files
toystorymovies,Toy Story (franchise)
compedia,Star Wars Combine
ko.jurassicpark,Jurassic Park
jurassicpark,Jurassic Park
squid-game,Squid Game
vldl,Viva La Dirt League
sissy-villains,Sissy villain
sonny-boy,Sonny Boy (TV series)
eastward,Eastward (video game)
lightsum,Lightsum
unboundworldsapart,Unbound: Worlds Apart
duranki,Duranki (manga)
airforce-delta,Airforce Delta
maya-and-the-three,Maya and the Three
youngroyals,Young Royals
powerwashsimulator,PowerWash Simulator
ninetofive,Nine to Five (video game)
takt-op,Takt Op
the-hunters-guild,The Hunters Guild: Red Hood
dimension20,Dimension 20
tome,Terrain of Magical Expertise
pinkpantheress,PinkPantheress
falloutequestria,Fallout: Equestria
centaurworld,Centaurworld
ko.inspectorkoo,Inspector Koo
friendsatthetable,Friends at the Table
theforgottencity,The Forgotten City
muppet,The Muppets (franchise)
dice-legacy,Dice Legacy
zoophobia,ZooPhobia (webcomic)
insidejob,Inside Job (2021 TV series)
es.insidejob,Inside Job (2021 TV series)
sifu,Sifu (video game)
xenogenderwiki,Xenogender
billlie,Billlie
ironwidow,Iron Widow
tenten-kakumei,The Magical Revolution of the Reincarnated Princess and the Genius Young Lady
pplaytime,Poppy Playtime
poppy-playtime,Poppy Playtime
haunted-chocolatier,Haunted Chocolatier
merge-mansion,Merge Mansion
ayashimon,Ayashimon
phantom-of-the-idol,Phantom of the Idol
louistomlinson,Louis Tomlinson
harry-styles,Harry Styles
homealone,Home Alone (franchise)
howtotrainyourdragon,How to Train Your Dragon
teen-titans-go,Teen Titans Go!
ru.teen-titans-go,Teen Titans Go!
pt-br.teen-titans-go,Teen Titans Go!
id.teen-titans-go,Teen Titans Go!
fr.teen-titans-go,Teen Titans Go!
es.losjovenestitanesenaccion,Teen Titans Go!
mummy,The Mummy (franchise)
mspaintadventures,MS Paint Adventures
monstersvsaliens,Monsters vs. Aliens (franchise)
nightcoremusic,Nightcore
nightcore,Nightcore
bignate,Big Nate
papermario,Paper Mario
tokyoesp,Tokyo ESP
es.tokyo-esp,Tokyo ESP
tremors,Tremors (franchise)
wl6,Wolfenstein 3D engine
collegehumor,CollegeHumor
australia,Australia
biology,Biology
taarakmehta,Taarak Mehta Ka Ooltah Chashmah
lonelygirl15,Lonelygirl15
uglydoll,Uglydoll
it.uglydoll,Uglydoll
iggy-azalea,Iggy Azalea
dungeonsofdredmor,Dungeons of Dredmor
thundarr,Thundarr the Barbarian
lionking,The Lion King (franchise)
babylon5,Babylon 5 (franchise)
norn9,Norn9
clifford,Clifford the Big Red Dog
duolingo,Duolingo
underthedome,Under the Dome (TV series)
es.underthedome,Under the Dome (TV series)
clonehigh,Clone High
creepypasta,Creepypasta
daddy-dj,Daddy DJ (song)
sciences,Science
ru.future,Future
future,Future
sports,Sport
sport,Sport
walkingdead,The Walking Dead (franchise)
jetsetradio,Jet Set Radio (series)
j-s-r,Jet Set Radio (series)
pl.original-war,Original War
scp-roleplay,SCP – Containment Breach
scp-foundation-roblox,SCP – Containment Breach
scp-containment-is-magic,SCP – Containment Breach
ru.scpcontainmentbreach,SCP – Containment Breach
ru.scp-games,SCP – Containment Breach
es.scp,SCP – Containment Breach
containmentbreach,SCP – Containment Breach
cyberpunk,Cyberpunk 2077
dontstarve,Don't Starve
ru.trybogatiry,The Three Bogatyrs
natm,Night at the Museum (franchise)
nastolki,Tabletop game
dracula,Count Dracula
saturdaysupercade,Saturday Supercade
marvel,Mark Farmer
house-of-cards,House of Cards (American TV series)
de.house-of-cards,House of Cards (American TV series)
vintergatan,Vintergatan
reddead,Red Dead
nl.reddead,Red Dead
fr.reddead,Red Dead
de.reddeadredemption,Red Dead
de.reddead,Red Dead
redfaction,Red Faction
fr.scenes-de-menages,Scènes de ménages
sphinxandthecursedmummy,Sphinx and the Cursed Mummy
swminis,Star Wars Miniatures
settlers6riseofanempire,The Settlers: Rise of an Empire
asimov,Foundation universe
westwing,The West Wing
ru.projectzomboid,Project Zomboid
projectzomboid,Project Zomboid
zh.math,Mathematics
ru.math,Mathematics
fr.math,Mathematics
math,Mathematics
serbia,Serbia
theslenderman,Slender Man
slendermanconnection,Slender Man
spyparty,SpyParty
starfleetuniverse,Star Fleet Universe
steven-universe,Steven Universe
astroblast,Stomp rocket
cs.supernatural,Supernatural Wiki
organtrail,Organ Trail
simpsons,The Simpsons (franchise)
thestanleyparable,The Stanley Parable
qinsmoon,The Legend of Qin (TV series)
rcn,RCN Series
rlm,Red Letter Media
rollbots,RollBots
runefrontier,Rune Factory Frontier
sabrina-carpenter,Sabrina Carpenter
showbizpizza,ShowBiz Pizza Place
skannerz,Skannerz
ru.zoology,Animal
it.animals,Animal
fr.animaux,Animal
fi.elaimet,Animal
es.reinoanimalia,Animal
dieren,Animal
de.tierlexikon,Animal
animals,Animal
world-of-warships,World of Warships
brickleberry,Brickleberry
ru.vesyolaya-karusel,Happy Merry-Go-Round
biomedicalcybernetics,Biomedical cybernetics
ru.voroniny,Voronin's Family
nl.declubvansinterklaas,De Club van Sinterklaas
pinocchiodisney,Pinocchio (1940 film)
livingdeaddolls,Living Dead Dolls
ru.chima,Legends of Chima
legolegendsofchima,Legends of Chima
wolfenstein,Wolfenstein
ru.alisamovie,Alisa Knows What to Do!
rowan-blanchard,Rowan Blanchard
sv.sunebert,Sune (book series)
ru.sled,Trace (TV series)
twitch,Twitch (service)
usasupernanny,America's Supernanny
it.mario,Super Mario
fr.mario,Super Mario
es.mario,Super Mario
de.mario,Super Mario
mario,Super Mario
zh.mario,Mario (franchise)
ru.mario,Mario (franchise)
pt.mario,Mario (franchise)
pl.mario,Mario (franchise)
no.mario,Mario (franchise)
nl.mario,Mario (franchise)
ja.mario,Mario (franchise)
fi.mario,Mario (franchise)
da.mario,Mario (franchise)
it.mario,Mario (franchise)
fr.mario,Mario (franchise)
es.mario,Mario (franchise)
de.mario,Mario (franchise)
mario,Mario (franchise)
de.dinosaurier,Dinosaur
ru.starwars,Star Wars
jedipedia,Star Wars
starwars,Star Wars
censorship,Censorship
grahamnorton,The Graham Norton Show
zh.sims,The Sims
uk.sims,The Sims
sv.sims,The Sims
ru.sims,The Sims
ro.sims,The Sims
pt-br.sims,The Sims
pl.sims,The Sims
no.sims,The Sims
nl.sims,The Sims
ko.thesims,The Sims
id.thesims,The Sims
it.sims,The Sims
fr.sims,The Sims
fi.sims,The Sims
et.sims,The Sims
es.sims,The Sims
de.sims,The Sims
da.sims,The Sims
sims,The Sims
thebibleman,Bibleman
bigidea,Big Idea Entertainment
hkbus,Bus services in Hong Kong
brothersataleoftwosons,Brothers: A Tale of Two Sons
browncoats,Browncoat
elite-dangerous,Elite Dangerous
playstation4,PlayStation 4
carriemovies,Carrie (musical)
ultrafusionfall,FusionFall
pt-br.fusionfall,FusionFall
fusionfall-fannon,FusionFall
fusionfall-fanfiction,FusionFall
fusionfall,FusionFall
fanonfall,FusionFall
thatguywiththeglasses,Channel Awesome
chargeman-ken,Chargeman Ken!
xcx-world,Charli XCX
tennesseevols,Tennessee Volunteers
ratchetandclank,Ratchet & Clank
postal,Postal (franchise)
danball-senki,Little Battlers Experience
jenna-marbles,Jenna Marbles
theearthdefenseforce,Earth Defense Force
harrypotter,Fictional universe of Harry Potter
fakku,Fakku
thesolarsystem,Solar System
solarsystem,Solar System
oursolarsystem,Solar System
planet,Planet
newzealand,New Zealand
sciences,Wikipedia:WikiProject Science
cryoffear,Cry of Fear
cry-of-fear,Cry of Fear
tokyoghoul,Tokyo Ghoul
tokyo-ghoul-roleplay,Tokyo Ghoul
thetokyoghoulfanon,Tokyo Ghoul
pt.tokyoghoul,Tokyo Ghoul
pl.tokyo-ghoul,Tokyo Ghoul
es.tokyoghoul,Tokyo Ghoul
es.tokyo-ghoul-fanon,Tokyo Ghoul
de.tokyoghoul,Tokyo Ghoul
gunslingerstratos,Gunslinger Stratos
simpsons,Wikipedia:WikiProject The Simpsons
mob-psycho-100,Mob Psycho 100
little-witch-academia,Little Witch Academia
luminousarc,Luminous Arc
yokaiwatch,Yo-kai Watch
shounen-maid,Shōnen Maid
tennisworld,Tennis
tennis,Tennis
zh.pokemon,Pokémon
zh-hk.pokemon,Pokémon
vi.pokemon,Pokémon
uk.pokemon,Pokémon
tr.pokemon,Pokémon
ru.pokemon,Pokémon
pt-br.pokemon,Pokémon
pl.pokemon,Pokémon
no.pokemon,Pokémon
nl.pokemon,Pokémon
ko.pokemon,Pokémon
ja.pokemon,Pokémon
it.pokemon,Pokémon
hu.pokemon,Pokémon
fr.pokemon,Pokémon
es.pokemon,Pokémon
de.pokemon,Pokémon
da.pokemon,Pokémon
ca.pokemon,Pokémon
bg.pokemon,Pokémon
pokemon,Pokémon
thegoldbergs,The Goldbergs (2013 TV series)
zh.theblacklist,The Blacklist
the-blacklist,The Blacklist
pt-br.theblacklist,The Blacklist
es.theblacklist,The Blacklist
de.the-blacklist,The Blacklist
starvstheforcesofevil,Star vs. the Forces of Evil
xboxone,Xbox One
xbox-one,Xbox One
freedomwars,Freedom Wars
zh.clashofclans,Clash of Clans
ru.clashofclans,Clash of Clans
pt-br.clashofclans,Clash of Clans
pl.clashofclans,Clash of Clans
nl.clashofclans,Clash of Clans
hu.clashofclans,Clash of Clans
fr.clashofclans,Clash of Clans
es.clashofclans,Clash of Clans
de.clashofclans,Clash of Clans
clashofclans,Clash of Clans
color,Color
stormlightarchive,The Stormlight Archive
x-files,The X-Files (franchise)
unrealworld,UnReal World
worms,Worms (series)
warframe,Warframe
answers,WikiAnswers
hearthstone,Hearthstone
fortresscraft,FortressCraft
candycrush,Candy Crush Saga
nanatsu-no-taizai,The Seven Deadly Sins (manga)
playskool,Playskool
subwaysurf,Subway Surfers
ru.subwaysurfersforever,Subway Surfers
ru.subwaysurf,Subway Surfers
zh.inaiinaibaa,Inai Inai Baa!
monstercat,Monstercat
massachusetts,Massachusetts
connecticut,Connecticut
alaska,Alaska
wiedzmin,The Witcher
vestac,The Witcher
vedmak,The Witcher
sorceleur,The Witcher
raganius,The Witcher
noituri,The Witcher
hexer,The Witcher
zaklinac,The Witcher
witcher,The Witcher
jupiter-ascending,Jupiter Ascending
finalfantasy,Final Fantasy
z-squad,Z-Squad
pagan,Pagan
the-myths-of-mythologies,Myth
mythworld,Myth
mythus,Myth
matrix,The Matrix (franchise)
pl.bighero6,Big Hero 6 (film)
bighero6,Big Hero 6 (film)
the100,The 100 (TV series)
youtube,YouTube
sv.simpsons,The Simpsons
simpsons,The Simpsons
bleach,Bleach (manga)
twitter,Twitter
de.ffxiv-a-realm-reborn,Final Fantasy XIV
ffxiv,Final Fantasy XIV
firefly,Firefly (franchise)
goblinscomic,Goblins (webcomic)
ben10,Ben 10
hive,H.I.V.E. (series)
halloweenhorrornights,Universal's Halloween Horror Nights
es.heroes,Heroes Wiki
de.heroes-of-might-and-magic,Heroes Wiki
nl.sinterklaas,Sinterklaas
hoopsyoyo,Hoops & Yoyo
senrankagura,Senran Kagura
tku,Tamkang University
maineinfo,Index of Maine-related articles
itsaspongebobchristmas,It's a SpongeBob Christmas!
kingdomrushtd,Kingdom Rush
christianmusic,Christian music
ru.miraculousladybug,Miraculous: Tales of Ladybug & Cat Noir
miraculousladybug,Miraculous: Tales of Ladybug & Cat Noir
liloandstitch,Lilo & Stitch (franchise)
fzero,F-Zero
madeinchelsea,Made in Chelsea
ru.meninblack,Men in Black (franchise)
meninblack,Men in Black (franchise)
monstersinc,"Monsters, Inc. (franchise)"
motorstorm,MotorStorm
mrdeity,Mr. Deity
multiplicity,Multiplicity (psychology)
themsfightinherds,Them's Fightin' Herds
ravenhearst,Mystery Case Files
mysterycasefiles,Mystery Case Files
oecake,OE-Cake!
oobi,Oobi (TV series)
orange-is-the-new-black,Orange Is the New Black
peewee,Pee-wee's Playhouse
plagueinc,Plague Inc.
mortalengines,Mortal Engines Quartet
zh.onepiece,One Piece
vi.onepiece,One Piece
uk.onepiece,One Piece
tr.onepiece,One Piece
ru.onepiece,One Piece
ro.onepiece,One Piece
pt.onepiece,One Piece
pl.onepiece,One Piece
onepiece,One Piece
no.onepiece,One Piece
nl.onepiece,One Piece
my.onepiece,One Piece
ko.onepiece,One Piece
ka.onepiece,One Piece
ja.onepiece,One Piece
it.onepiece,One Piece
id.onepiece,One Piece
he.onepiece,One Piece
fr.onepiece,One Piece
eu.onepiece,One Piece
es.onepiece,One Piece
el.onepiece,One Piece
de.onepiece,One Piece
cs.onepiece,One Piece
ca.onepiece,One Piece
ar.onepiece,One Piece
fairy-tales,Fairy tale
maine,Maine
fr.southpark,Wikipedia:WikiProject Animation/South Park task force
atlantis,Atlantis (TV series)
jackboxgames,Jackbox Games
cs.fores,Fallout 1.5: Resurrection
cookieclicker,Cookie Clicker
soma,Soma (video game)
zootopia,Zootopia
xbox,Xbox
es.monster-musume-no-iru-nichijou,Monster Musume
ricksanchez,Rick and Morty
rickandmorty,Rick and Morty
the-school-of-ever-after-high-pedia,Ever After High
ru.everafterhigh,Ever After High
pt.ever-after-high-oficialpt-br,Ever After High
pt-br.everafterhighfandom,Ever After High
pt-br.everafterhigh-oficial,Ever After High
pt-br.everafterhigh,Ever After High
pl.ever-after-high-wlasne-postacie,Ever After High
pl.ever-after-high,Ever After High
fr.everafterhigh,Ever After High
everafterhighfandom,Ever After High
everafterhigh,Ever After High
everafterau,Ever After High
ever-after-high-turkey,Ever After High
ever-after-high,Ever After High
es.everafterhigh,Ever After High
eneverafterhigh,Ever After High
eahdolls,Ever After High
ashlynn-and-the-rest-of-ever-after-high,Ever After High
zh.gotham,Gotham (TV series)
ru.gotham,Gotham (TV series)
de.gotham,Gotham (TV series)
gotham,Gotham (TV series)
beatles,The Beatles
philadelphia,Philadelphia
dungeonsdragons,Dungeons & Dragons
dungeons,Dungeons & Dragons
dyinglight,Dying Light
arkhamcity,Batman: Arkham
transistor,Transistor (video game)
interstellarfilm,Interstellar (film)
mom-cbs,Mom (TV series)
pewdiepie,PewDiePie
turok,Turok (video game series)
super-mario-3d-world,Super Mario 3D World
theorder1886,The Order: 1886
rwby,RWBY
robthurman,Rob Thurman
the-bangtan-boys,BTS
es.bangtan,BTS
bts,BTS
rogue-legacy,Rogue Legacy
comics,Comic book series
xkcd-time,Time (xkcd)
breakingbad,Breaking Bad
memory-beta,Star Trek
memory-alpha,Star Trek
chicago,Chicago
bloodborne,Bloodborne
es.fifa-ultimate-team,FIFA 15
amiibo,Amiibo
mariomaker,Super Mario Maker
the7d,The 7D
pl.transformersrobotsindisguise,Transformers: Robots in Disguise (2015 TV series)
danmachi,Is It Wrong to Try to Pick Up Girls in a Dungeon?
stampylongnose,Stampy
meghantrainor,Meghan Trainor
crawl,Crawl (video game)
westworld,Westworld (TV series)
bojackhorseman,BoJack Horseman
microsoft,Microsoft
chuck-nbc,Chuck (TV series)
pinkfloyd,Pink Floyd
chemistry,Chemistry
aladdin,Aladdin (franchise)
age-of-wonders-3,Age of Wonders III
beatles,Wikipedia:WikiProject The Beatles
ahatintime,A Hat in Time
tovelo,Tove Lo
destinyofspirits,Destiny of Spirits
undateable-wikia,Undateable
undateable,Undateable
goatsimulator,Goat Simulator
nightvale,Welcome to Night Vale
clarence,Clarence (American TV series)
cinemasins,CinemaSins
deathbattle,Death Battle
bordertown,Bordertown (American TV series)
v,V (franchise)
boombeach,Boom Beach
oceanhorn,Oceanhorn: Monster of Uncharted Seas
crypt-of-the-necrodancer,Crypt of the NecroDancer
anodyne,Anodyne (video game)
bindingofisaacrebirth,The Binding of Isaac: Rebirth
eternalcrusade,"Warhammer 40,000: Eternal Crusade"
duelingnetwork,Dueling Network
valianthearts,Valiant Hearts: The Great War
fireflyonline,Firefly Online
evolve,Evolve (video game)
themangaguide,The Manga Guides
hyperlightdrifter,Hyper Light Drifter
zh.pvz,Plants vs. Zombies
vi.plantsvszombies,Plants vs. Zombies
uk.plantsvszombi,Plants vs. Zombies
tl.plantsvszombies,Plants vs. Zombies
sr.plantsvszombies,Plants vs. Zombies
ru.plantsvs-zombies,Plants vs. Zombies
pt-br.plantas-vs-zumbis-brasil,Plants vs. Zombies
plantsvszombies,Plants vs. Zombies
pl.plantsvszombies,Plants vs. Zombies
pflanzen-gegen-zombies,Plants vs. Zombies
it.plantsvszombies,Plants vs. Zombies
fr.plantsvszombies,Plants vs. Zombies
es.plantsvszombies,Plants vs. Zombies
cs.plantsvszombies,Plants vs. Zombies
be.plantsvszombies,Plants vs. Zombies
in-birth,Under Night In-Birth
ru.junglebunch,The Jungle Bunch
fr.lesasdelajungle,The Jungle Bunch
junglebunch,The Jungle Bunch
tcv,The Casual Vacancy (miniseries)
maryland,Maryland
brunomars,Bruno Mars
minnesota,Minnesota
volleyball,Volleyball
rime,Rime (video game)
this-war-of-mine,This War of Mine
pl.this-war-of-mine,This War of Mine
ncis-new-orleans,NCIS: New Orleans
borderlands,Borderlands (series)
blackish,Black-ish
themysteriesoflaura,The Mysteries of Laura
ytp,YouTube poop
younger,Younger (TV series)
truck-simulator,Truck Simulator
factorio,Factorio
high-school-usa,High School USA!
dhmis,Don't Hug Me I'm Scared
nstaaf,No Such Thing as a Fish
moribito,Moribito series
uber,Über (comics)
thelastmanonearth,The Last Man on Earth (TV series)
Kumkum Bhagya Wiki,Kumkum Bhagya
sense8,Sense8
carolinepolachek,Caroline Polachek
q-force,Q-Force
monsterallergy,Monster Allergy
scorpion,Scorpion (TV series)
schitts-creek,Schitt's Creek
tron,Tron (franchise)
mysticons,Mysticons
s,S. (Dorst novel)
madonna,Madonna
dragonball,Dragon Ball
twinpeaks,Twin Peaks
ru.eminsk,Minsk
tokyodark,Tokyo Dark
agario,Agar.io
beeandpuppycat,Bee and PuppyCat
rocketleague,Rocket League
otocadoll,Otocadoll
battle-cats,The Battle Cats
basketball,Basketball
tr.dune,Dune (franchise)
ru.dune,Dune (franchise)
pl.dune,Dune (franchise)
es.dune,Dune (franchise)
de.dune,Dune (franchise)
dune,Dune (franchise)
de.historica,Vienna History Wiki
bokunoheroacademia,My Hero Academia
gamergate,Gamergate (harassment campaign)
age-of-empires-castle-siege,Age of Empires: Castle Siege
tomska,TomSka
ru.frozen,Frozen (franchise)
es.frozen,Frozen (franchise)
frozen,Frozen (franchise)
dragoncity,Dragon City
gauntlet,Gauntlet (2014 video game)
vainglory,Vainglory (video game)
zoo-tv-series,Zoo (TV series)
msmsmsm,Sophie (musician)
evermoorchronicles,The Evermoor Chronicles
deadisland,Dead Island (series)
sanctuaryrpg,SanctuaryRPG
dragonvale,DragonVale
dcextendeduniverse,DC Extended Universe
incremental,Incremental game
mbmbam,"My Brother, My Brother and Me"
dreadnought,Dreadnought (video game)
expanse,The Expanse (TV series)
overwatch,Overwatch (video game)
life-is-strange,Life Is Strange (video game)
pl.cpp,C++
chucknorris,Chuck Norris
footballdatabase,Association football
big-soccer,Association football
football,Association football
de.anno-2205,Anno 2205
anno2205,Anno 2205
horizonzerodawn,Horizon Zero Dawn
battleborn,Battleborn (video game)
bloodstained,Bloodstained: Ritual of the Night
growtopia,Growtopia
nekoatsume,Neko Atsume
gigantic,Gigantic (video game)
de.steinsgate,Steins;Gate (TV series)
steins-gate,Steins;Gate (TV series)
pt-br.blackclover,Black Clover
id.blackclover,Black Clover
es.blackclover,Black Clover
blackclover,Black Clover
narcos,Narcos
twice,Twice
spacestation13,Space Station 13
yandere-simulator-fandom,Yandere Simulator
yandere-simulator-fan,Yandere Simulator
yandere-simulator-creative,Yandere Simulator
yandere-simulator-2d,Yandere Simulator
yandere-simulator,Yandere Simulator
ru.yanderesimulatorfanon,Yandere Simulator
pt-br.yandere-simulator,Yandere Simulator
pl.yandere-simulator,Yandere Simulator
fr.yandere-simulator,Yandere Simulator
es.yandere-simulator,Yandere Simulator
es.fanon-yandere-simulator,Yandere Simulator
de.yandere-simulator,Yandere Simulator
forhonor,For Honor
golf,Golf
mlp,My Little Pony: Friendship Is Magic
ru.moscowmetro,Moscow Metro
bus,Bus
moana,Moana (2016 film)
100-things-to-do-before-high-school,100 Things to Do Before High School
ru.lolirock,LoliRock
pt-br.lolirock,LoliRock
pl.lolirock,LoliRock
lolirock,LoliRock
fr.lolirock,LoliRock
ferdinandmovie,Ferdinand (film)
schoolofrockseries,School of Rock (musical)
grey-goo,Grey Goo
scream-queens,Scream Queens (2015 TV series)
pkmnshuffle,Pokémon Shuffle
mrrobot,Mr. Robot
ru.inspectorgadget2015,Inspector Gadget (2015 TV series)
heroes-reborn-mini-series,Heroes Reborn (miniseries)
fauda,Fauda
hamiltonmusical,Hamilton (musical)
es.elministeriodeltiempo,El ministerio del tiempo
lionguard,The Lion Guard
fr.lionguard,The Lion Guard
kerokerobonito,Kero Kero Bonito
nightinthewoods,Night in the Woods
lucifer,Lucifer (TV series)
de.punk,Punk rock
punk,Punk rock
pt-br.redeglobo,TV Globo
fringe,Fringe (TV series)
miley-cyrus,Miley Cyrus
tr.zamancarki,The Wheel of Time
nl.rdt,The Wheel of Time
it.laruotadeltempo,The Wheel of Time
es.laruedadeltiempo,The Wheel of Time
de.rad-der-zeit,The Wheel of Time
wot,The Wheel of Time
jennette,Jennette McCurdy
daysgone,Days Gone
pannenkoek2012,Pannenkoek2012
fire-force,Fire Force
absolver,Absolver
deathstranding,Death Stranding
bpro,B-Project
ru.rimworld,RimWorld
rimworld,RimWorld
colony,Colony (TV series)
nintendo-switch,Nintendo Switch
outer-wilds,Outer Wilds
huniepop,HuniePop
paranautical-activity,Paranautical Activity
valkyriedrive,Valkyrie Drive
planetcoaster,Planet Coaster
goldenkamuy,Golden Kamuy
strangerthings,Stranger Things
spirit-circle,Spirit Circle
letterkenny,Letterkenny (TV series)
lemondemon,Lemon Demon
project-diva,Hatsune Miku: Project DIVA (video game)
darkmatter,Dark Matter (2015 TV series)
nekopara,Nekopara
crazyexgirlfriend,Crazy Ex-Girlfriend
cxg,Crazy Ex-Girlfriend
echoofsoul,Echo of Soul
webarebears,We Bare Bears
limitlesstvshow,Limitless (TV series)
limitlesscbs,Limitless (TV series)
groundhogday,Groundhog Day (musical)
ncis,NCIS (TV series)
christianity,Christianity
birds,Bird
dream-catcher,Dreamcatcher (group)
megaton-rainfall,Megaton Rainfall
we-happy-few,We Happy Few
ja.we-happy-few,We Happy Few
adventure-capitalist,AdVenture Capitalist
blocksworld,Blocksworld
es.archiecomics,Archie (comic book)
archiecomics,Archie (comic book)
rezero,Re:Zero − Starting Life in Another World
human-rights-in-cyberspace,Human rights in cyberspace
kimkardashianhollywood,Kim Kardashian: Hollywood
portal-stories-mel,Portal Stories: Mel
dearevanhansen,Dear Evan Hansen
task,Taskmaster (TV series)
valerian-and-the-city-of-a-thousand-planets,Valerian and the City of a Thousand Planets
pokemongo,Pokémon Go
harveycomics,Harvey Comics
nocopyrightsounds,NoCopyrightSounds
the-beginners-guide,The Beginner's Guide
fran-bow,Fran Bow
undertale,Undertale
macrossdelta,Macross Delta
besiege,Besiege (video game)
detroit-become-human,Detroit: Become Human
ru.five-nights-at-freddys-world,FNaF World
pl.five-nights-at-freddys-cz-1cz-2cz-3cz-4-world-i-sl,FNaF World
five-nights-at-freddys-world,FNaF World
rugbyunion,Rugby union
philosophy,Philosophy
reddwarf,Red Dwarf
familyguy,Family Guy
numb3rs,Numbers (TV series)
mystic-messenger,Mystic Messenger
magic-cat-academy,Magic Cat Academy
blacklightning,Black Lightning (TV series)
ru.thelastofus,The Last of Us (franchise)
pt-br.thelastofus,The Last of Us (franchise)
pl.thelastofus,The Last of Us (franchise)
it.thelastofus,The Last of Us (franchise)
fr.thelastofus,The Last of Us (franchise)
es.thelastofus,The Last of Us (franchise)
de.thelastofus,The Last of Us (franchise)
thelastofus,The Last of Us (franchise)
nanabunnonijyuuni,22/7 (group)
komisan,Komi Can't Communicate
bill-wurtz,Bill Wurtz
animation-throwdown,Animation Throwdown: The Quest for Cards
ru.oxygen-not-included,Oxygen Not Included
arms,Arms (video game)
zh.jiuzhou,Novoland
ru.final-space,Final Space
tr.final-space,Final Space
final-space,Final Space
vampirina,Vampirina
pt-br.vampirina,Vampirina
uk.orville,The Orville
ru.orville,The Orville
de.orville,The Orville
orville,The Orville
wii,Wii
bunniculatvseries,Bunnicula (TV series)
indivisible,Indivisible (video game)
myimmortal,My Immortal (fan fiction)
pj-masks,PJ Masks
kiminonawa,Your Name
nl.csi,Wikipedia:WikiProject Television/CSI task force
eastenders-freak,Wikipedia:WikiProject EastEnders
perl,Wikipedia:WikiProject Perl
dualipa,Dua Lipa
de.vampyr,Vampyr (video game)
criticalrole,Critical Role
oxenfree,Oxenfree
tensura,That Time I Got Reincarnated as a Slime
cellsatwork,Cells at Work!
nogunslife,No Guns Life
ru.bandori,BanG Dream!
bandori,BanG Dream!
machikado-mazoku,The Demon Girl Next Door
altered-carbon,Altered Carbon (TV series)
minecraft-modsmc,Minecraft modding
mcmodhelp,Minecraft modding
pizzatower,Pizza Tower
scarlet-hollow,Scarlet Hollow
slay-the-princess,Slay the Princess
ncisla,NCIS: Los Angeles
stanislaw-lem,Stanisław Lem
godzilla,Godzilla
atheism,Atheism
nato,NATO
dark-netflix,Dark (TV series)
sv.celeste,Celeste (video game)
ja.celeste,Celeste (video game)
fr.celeste,Celeste (video game)
celestegame,Celeste (video game)
pico-8,PICO-8
ru.infinity-train,Infinity Train
pt-br.infinity-train-brasil,Infinity Train
infinity-train,Infinity Train
es.infinity-train,Infinity Train
ru.fabulous-patrol,Fantasy Patrol
fantasypatrol,Fantasy Patrol
diepio,Diep.io
titanfall,Titanfall
ru.titanfall,Titanfall
pt-br.titanfall,Titanfall
es.titanfall,Titanfall
de.titanfall,Titanfall
ru.ducktales2017,DuckTales (2017 TV series)
nl.ducktales2017,DuckTales (2017 TV series)
rina,Rina Sawayama
godzilla,Godzilla (franchise)
wonder-park,Wonder Park
nintendo,Nintendo
economics,Economics
ru.writing,Writing system
discord,Discord
drawception,Drawception
thegoodplace,The Good Place
wynonnaearp,Wynonna Earp (TV series)
de.babylon-berlin,Babylon Berlin
stardewvalley,Stardew Valley
escapefromtarkov,Escape from Tarkov
nanbakafanon,Nanbaka
nanbaka,Nanbaka
skam,Skam (TV series)
filthy-frank,Joji (musician)
twinpeaks,Twin Peaks (season 3)
this-is-us,This Is Us
bull,Bull (2016 TV series)
twomoreeggs,Two More Eggs
moternmedia,Matt Farley
jubyphonic,Juliet Simmons
ru.dead-by-daylight,Dead by Daylight
deadbydaylight,Dead by Daylight
de.dead-by-daylight,Dead by Daylight
ru.elena-of-avalor,Elena of Avalor
pl.elena-z-avaloru,Elena of Avalor
es.elena-of-avalor,Elena of Avalor
elenaofavalor,Elena of Avalor
karkadann,Unicorn
socialism,Socialism
sharks,Shark
mammal,Mammal
travelers,Travelers (TV series)
agents-of-mayhem,Agents of Mayhem
brawlout,Brawlout
kemono-friends,Kemono Friends
theadventurezone,The Adventure Zone
black-pink,Blackpink
imposters,Imposters (TV series)
alice-isnt-dead,Alice Isn't Dead
de.the-handmaids-tale,The Handmaid's Tale (TV series)
the-handmaids-tale,The Handmaid's Tale (TV series)
furigame,Furi
bigmouth,Big Mouth (American TV series)
ryan-hampton,Ryan Hampton (writer)
osirisnewdawn,Osiris: New Dawn
fr.las-chicas-del-cable,Cable Girls
cable-girls,Cable Girls
godville,Godville
bigcitygreens,Big City Greens
elefanten,Elephant
disney,The Walt Disney Company
pt-br.disney,The Walt Disney Company
pl.smokely,Dragon
de.drachen,Dragon
dragons,Dragon
snow,Snow
videogame-database,Video game
video-games,Video game
the-video-game,Video game
gamingdatabase,Video game
games-wiki,Video game
zwift,Zwift
hogwarts-mystery,Harry Potter: Hogwarts Mystery
two-point-hospital,Two Point Hospital
idwsonic,Sonic the Hedgehog (IDW Publishing)
slay-the-spire,Slay the Spire
bladerunner,Blade Runner (franchise)
she-raandtheprincessesofpower,She-Ra and the Princesses of Power
ru.she-raandtheprincessesofpower,She-Ra and the Princesses of Power
pt-br.she-raeasprincesasdopoder,She-Ra and the Princesses of Power
hildatheseries,Hilda (TV series)
es.hildatheseries,Hilda (TV series)
alicegearaegis,Alice Gear Aegis
tiktok,TikTok
finalfantasytcg,Final Fantasy Trading Card Game
final-fantasy-card-game,Final Fantasy Trading Card Game
masterclass,MasterClass
deadly-class,Deadly Class (TV series)
clairopedia,Clairo
shizuka,Shizuka (band)
fr.charmed-2018,Charmed (2018 TV series)
charmed-reboot,Charmed (2018 TV series)
goodtrouble,Good Trouble (TV series)
aplaguetale,A Plague Tale: Innocence
southpark,South Park (franchise)
jump,Jump Force
control,Control (video game)
for-all-mankind,For All Mankind (TV series)
tr.disneyplus,Disney+
disneyplus,Disney+
unicode,Unicode
the-best-mythology,Mythology
mythologies-of-the-earth,Mythology
myth1,Mythology
religion,Religion
minit,Minit (video game)
harrypotter,Wizarding World
maryskelternightmares,Mary Skelter: Nightmares
spiesindisguise,Spies in Disguise
zh.oneshotzn,OneShot
ru.oneshot,OneShot
oneshot,OneShot
fr.oneshot,OneShot
cookservedelicious,"Cook, Serve, Delicious!"
ru.disenchantment,Disenchantment (TV series)
fr.disenchantment,Disenchantment (TV series)
es.disenchantment,Disenchantment (TV series)
disenchantment,Disenchantment (TV series)
de.disenchantment,Disenchantment (TV series)
girls-last-tour,Girls' Last Tour
ooblets,Ooblets
maidens-of-the-savage-season,O Maidens in Your Savage Season
true,True and the Rainbow Kingdom
polytopia,The Battle of Polytopia
blueypedia,Bluey (2018 TV series)
octopathtraveler,Octopath Traveler
fromis9,Fromis 9
pap,Pinkalicious & Peterrific
curious-expedition,The Curious Expedition
blhx,Azur Lane
contrapoints,ContraPoints
ghostoftsushima,Ghost of Tsushima
ellianawalmsley,Elliana Walmsley
love-live,Love Live!
mairimashita-irumakun,Welcome to Demon School! Iruma-kun
pt-br.enchantimals,Enchantimals
enchantimals,Enchantimals
they-are-billions,They Are Billions
zh-hk.hongkong,Hong Kong
civilwar-history,American Civil War
vietnamwar,Vietnam War
htmlcss,HTML
tmnt2018series,Rise of the Teenage Mutant Ninja Turtles
peter-jacksons-mortal-engines,Mortal Engines (film)
umamusume,Uma Musume Pretty Derby
uk.hollowknight,Hollow Knight
ru.hollowknight,Hollow Knight
pt.hollowknight,Hollow Knight
pl.hollowknight,Hollow Knight
it.hollowknight,Hollow Knight
hollowknight,Hollow Knight
fr.hollowknight,Hollow Knight
es.hollowknight,Hollow Knight
de.hollowknight,Hollow Knight
bg.hollowknight,Hollow Knight
sinoalice,SINoALICE
redditplace,R/place
worm,Worm (web serial)
theboldtype,The Bold Type
mobile-legends,Mobile Legends: Bang Bang
helck,Helck (manga)
pl.dom-z-papieru,Money Heist
money-heist,Money Heist
la-casa-de-papel,Money Heist
haus-des-geldes,Money Heist
fr.la-casa-de-papel,Money Heist
incredibox,Incredibox
three-body-problem,Remembrance of Earth's Past
dmk,Disney Magic Kingdoms
watchdogs,Watch Dogs
awayout,A Way Out (video game)
anthem,Anthem (video game)
the-resident,The Resident (TV series)
villainous,Villainous (TV series)
ru.villainouscn,Villainous (TV series)
pl.villainous,Villainous (TV series)
ja.villainous,Villainous (TV series)
es.villainous,Villainous (TV series)
de.villainous,Villainous (TV series)
judgment,Judgment: Apocalypse Survival Simulation
dayofinfamy,Day of Infamy (video game)
instinct,Instinct (American TV series)
ru.absolute,Fiction
harrypotter,Harry Potter
handball,Handball
ru.bigbangtheory,The Big Bang Theory
pt-br.thebigbangtheory,The Big Bang Theory
it.bigbangtheory,The Big Bang Theory
fr.the-big-bang-theory,The Big Bang Theory
es.thebigbangtheory,The Big Bang Theory
de.bigbangtheory,The Big Bang Theory
bigbangtheory,The Big Bang Theory
weather,Weather
familyguy,Family Guy (franchise)
nagatoro,"Don't Toy with Me, Miss Nagatoro"
theuniversim,The Universim
ninjala,Ninjala
metrovideogame,Metro (franchise)
virtualyoutuber,VTuber
neptunia,Hyperdimension Neptunia
bindingofisaacfoursouls,The Binding of Isaac: Four Souls
hypnosis-mic,Hypnosis Mic: Division Rap Battle
musedash,Muse Dash
gtfo,GTFO (video game)
tana-mongeau,Tana Mongeau
somniumfiles,AI: The Somnium Files
th.amphibiapedia,Amphibia (TV series)
ru.amphibiapedia,Amphibia (TV series)
pl.amphibia,Amphibia (TV series)
ja.amphibiapedia,Amphibia (TV series)
id.amphibia,Amphibia (TV series)
es.amphibia,Amphibia (TV series)
de.amphibia,Amphibia (TV series)
amphibia,Amphibia (TV series)
charliesangels,Charlie's Angels (franchise)
see,See (TV series)
uk.theowlhouse,The Owl House
theowlhouse,The Owl House
ru.theowlhouse,The Owl House
pt-br.theowlhouse,The Owl House
pl.theowlhouse,The Owl House
id.theowlhouse,The Owl House
es.theowlhouse,The Owl House
tunic,Tunic (video game)
starshiptroopers,Starship Troopers (franchise)
es.starshiptroopers,Starship Troopers (franchise)
talesfromtheloop,Tales from the Loop
thetrapmetal,Trap metal
sdorica,Sdorica
ru.dragonprince,The Dragon Prince
fr.dragonprince,The Dragon Prince
es.dragonprince,The Dragon Prince
dragonprince,The Dragon Prince
de.der-prinz-der-drachen,The Dragon Prince
nextgen,Next Gen (film)
rabbit,Rabbit
zombie,Zombie
ru.zombie,Zombie
psychology,Psychology
bbc,BBC
ru.iwpernefer,Ancient Egypt
time,Time
arresteddevelopment,Arrested Development
aaliyahdanahaughton,Aaliyah
firefly,Firefly (TV series)
theatre,Theatre
ru.diabetes,Diabetes
capcom,Capcom
ru.ussr,Soviet Union
ussr,Soviet Union
sv.stargate,Stargate
stargate,Stargate
britneyspears,Britney Spears
ru.disease,Disease
disease,Disease
hisdarkmaterials,His Dark Materials (TV series)
worldwar3,World War 3 (video game)
the-masked-singer,The Masked Singer (American TV series)
killsixbilliondemons,Kill Six Billion Demons
krainagrzybow,Kraina Grzybów TV
iz-one,Iz*One
subnautica-belowzero,Subnautica: Below Zero
butterflysoup,Butterfly Soup
onehouronelife,One Hour One Life
themandalorian,The Mandalorian
millionaire,Ko Banchha Crorepati
mrbeast,MrBeast
harleyquinn,Harley Quinn (TV series)
deltarune,Deltarune
101dalmatianstreet,101 Dalmatian Street
lagooncompany,Black Lagoon (TV series)
onward,Onward (film)
hypixel,Hypixel
luigi-mansion,Luigi's Mansion (series)
scp-secret-laboratory-official,SCP: Secret Laboratory
star-trek-fleet-command,Star Trek Fleet Command
txt,Tomorrow X Together
space-force,Space Force (TV series)
copypasta,Copypasta
unhhhh,UNHhhh
raised-by-wolves,Raised by Wolves (American TV series)
klingon,Klingon language
ps1,PlayStation (console)
ps3,PlayStation 3
playstation2,PlayStation 2
ps2,PlayStation 2
ru.crocodail,Reptile
zelda,The Legend of Zelda
legend-of-zelda,The Legend of Zelda
metroid,Metroid
guns,Firearm
ru.arabian,Arabic
thanksgiving,Thanksgiving
ja.kanye-west,Kanye West
montypython,Monty Python
sv.southpark,South Park
es.southpark,South Park
southpark,South Park
fr.southpark,South Park
vermont,Vermont
wl6,Wolfenstein 3D
oscars,Academy Awards
hitman,Hitman (franchise)
almostnakedanimals,Almost Naked Animals
public-domain,Public domain
gdr,East Germany
abba,ABBA
new-england,New England
wolf,Wolf
fairytail,Fairy Tail
rebecca-black,Rebecca Black
sixthemusical,Six (musical)
octoberfaction,October Faction (TV series)
bbcyearsandyears,Years and Years (TV series)
ru.atomic-heart,Atomic Heart
atomicheart,Atomic Heart
starfield,Starfield (video game)
slave-harem,Harem in the Labyrinth of Another World
zh.taiwu,The Scroll of Taiwu
scroll-of-taiwu,The Scroll of Taiwu
pinkfantasy,Pink Fantasy
wacca,Wacca (video game)
mytimeatportia,My Time at Portia
the-hidden-dungeon-only-i-can-enter,The Hidden Dungeon Only I Can Enter
lovedeathrobots,"Love, Death & Robots"
de.lovedeathrobots,"Love, Death & Robots"
princess-connect,Princess Connect! Re:Dive
motherland,Motherland: Fort Salem
satisfactory,Satisfactory
babaiswiki,Baba Is You
everglow,Everglow
letsgoluna,Let's Go Luna!
generation-zero,Generation Zero (video game)
riskofrain2,Risk of Rain 2
ru.lostmedia,Lost media
robotics,Robot
smurfs,The Smurfs
movies,Film
animation,Animation
adobe,Adobe Inc.
ru.futurewild,The Future Is Wild
duesouth,Due South
scifi,Science fiction
chrisnolan,Christopher Nolan
segmented-worms,Annelid
taylorswiftlifeandmusic,Taylor Swift
taylorswift,Taylor Swift
death-wiki,Death
canada,Canada
christmas,Christmas
ru.ladygaga,Lady Gaga
ladygaga,Lady Gaga
fr.ladygaga,Lady Gaga
es.gaga,Lady Gaga
roxbury,"Roxbury, Boston"
ru.losyash-library,Kikoriki
scandinavia,Scandinavia
freespeech,Freedom of speech
lordi,Lordi
ru.archaeology,Archaeology
scotland,Scotland
wales,Wales
us,United States
selena,Selena
nasa,NASA
house,House (TV series)
lostpedia,Lost (TV series)
ru.gameofthrones,Game of Thrones
gameofthrones,Game of Thrones
dexter,Dexter (TV series)
homeland,Homeland (TV series)
sopranos,The Sopranos
seinfeld,Seinfeld
daytimesoapopera,Soap opera
lasvegas,Las Vegas
japan,Japan
norway,Norway
england,England
sv.sverige,Sweden
sweden,Sweden
fin,Finland
portugal,Portugal
antarctica,Antarctica
netherlands,Netherlands
lolcats,Lolcat
sanfrancisco,San Francisco
berlin,Berlin
internet,Internet
russia,Russia
wikis,Wiki
denmark,Denmark
italy,Italy
poland,Poland
london,London
google,Google
mexico,Mexico
boston,Boston
bulgaria,Bulgaria
france,France
unitedkingdom,United Kingdom
united-kingdom,United Kingdom
ukb,United Kingdom
nyancat,Nyan Cat
fish,Fish
littlebigplanet,LittleBigPlanet
2brokegirls,2 Broke Girls
topgear,Top Gear (2002 TV series)
germany,Germany
estonia,Estonia
iceland,Iceland
mynameisearl,My Name Is Earl
es.mynameisearl,My Name Is Earl
one-of-the-greatest-sources-for-greek-mythology,Greek mythology
greekmythology,Greek mythology
greek-myth,Greek mythology
greek-gods-heroes-and-monsters,Greek mythology
it.avrillavigne,Avril Lavigne
avrillavigne,Avril Lavigne
it.elliegoulding,Ellie Goulding
elliegoulding,Ellie Goulding
antm,America's Next Top Model
slovenia,Slovenia
ukraine,Ukraine
czech-republic,Czech Republic
1000waystodie,1000 Ways to Die
1000waysdie,1000 Ways to Die
datsun510,Datsun
swordartonline,Sword Art Online
vampirediaries,The Vampire Diaries
starwarsrebels,Star Wars Rebels
python,Python (programming language)
albania,Albania
croatia,Croatia
lanadelrey,Lana Del Rey
zipcodes,Postal code
mcdonalds,McDonald's
autism,Autism
ru.folklore,Folklore
folklore,Folklore
janeausten,Jane Austen
yugoslavia,Yugoslavia
tokipona,Toki Pona
rihanna,Rihanna
ja.rihanna,Rihanna
it.rihannawikinow,Rihanna
ageofempires,Age of Empires
kennedy-family,Kennedy family
1970s,1970s
uefa,UEFA
1930s,1930s
1960s,1960s
ru.monsterhigh,Monster High
pt-br.monster-high,Monster High
pl.monsterhigh,Monster High
monsterhigh,Monster High
es.monsterhigh,Monster High
de.monsterhigh,Monster High
beyoncepedia,Beyoncé
conlang,Constructed language
museums,Museum
justinbieber,Justin Bieber
de.justinbieber,Justin Bieber
tardis,Doctor Who
ru.tardis,Doctor Who
ro.doctorwho,Doctor Who
pt.doctorwho,Doctor Who
pl.doctorwho,Doctor Who
nl.doctorwho,Doctor Who
it.doctorwho,Doctor Who
he.doctorwho,Doctor Who
fr.doctorwho,Doctor Who
fi.doctorwho,Doctor Who
es.doctorwho,Doctor Who
de.doctorwho,Doctor Who
cy.doctorwho,Doctor Who
cs.tardis,Doctor Who
bg.doctorwho,Doctor Who
cleveland,The Cleveland Show
80s,1980s
1980s,1980s
90s,1990s
nfs,Need for Speed
timburton,Tim Burton
fr.tim-burton,Tim Burton
spicegirls,Spice Girls
warriorprincess,Xena: Warrior Princess
jenniferlopez,Jennifer Lopez
sinatra,Frank Sinatra
mariahcarey,Mariah Carey
inspiringdemilovato,Demi Lovato
demilovato,Demi Lovato
sony,Sony
teletubbies,Teletubbies
internationalhockey,Ice hockey
icehockey,Ice hockey
christinaaguilera,Christina Aguilera
kansascity,"Kansas City, Missouri"
perl,Perl
pl.katy-perry,Katy Perry
katyperry,Katy Perry
it.katyperry,Katy Perry
es.katyperry,Katy Perry
bisexuality,Bisexuality
mtv,MTV
cbs,CBS
de.nightwish,Nightwish
lobo,Lobo (DC Comics)
diablo,Diablo (series)
acnl,Animal Crossing: New Leaf
acnewleaf,Animal Crossing: New Leaf
hupedia,Hollywood Undead
hollywoodundead,Hollywood Undead
halo,Halo 4
es.aika,Agent Aika
konami,Konami
iceandfire,A Song of Ice and Fire
coenbrothers,Coen brothers
24,24 (TV series)
wiiu,Wii U
duranduran,Duran Duran
lilyallen,Lily Allen
sv.melodifestivalen,Melodifestivalen
ru.polymer-clay,Polymer clay
kim-petras,Kim Petras
ru.luntik,Luntik
luntik,Luntik
autobahn,Controlled-access highway
vampires,Vampire
scarface,Scarface (1983 film)
catherine-zetajones,Catherine Zeta-Jones
xbox-360,Xbox 360
gender,Gender
ccsakura,Cardcaptor Sakura
zh.minecraft,Minecraft
minecraft-archive,Minecraft
ja.minecraft,Minecraft
minecraft,Minecraft
akb48,AKB48
adventuretime,Adventure Time
accelworld,Accel World
madoka,Puella Magi Madoka Magica
americanhorrorstory,American Horror Story
