subreddit,fandom
garfield,garfield
futurama,futurama
Spiderman,spiderman
Spiderman,de.spiderman
Spiderman,es.spider-man
Spiderman,pt-br.spiderman
Spiderman,ru.spiderman
howyoudoin,friends
howyoudoin,it.friends
howyoudoin,ru.friends
spongebob,spongebob
spongebob,ar.spongebob
spongebob,bobesponja
spongebob,cy.spynjbob
spongebob,de.spongebob
spongebob,el.spongebob
spongebob,fr.bobleponge
spongebob,he.wikispongebob
spongebob,hr.spuzva-bob-skockani
spongebob,hu.spongyabob
spongebob,id.spongebob
spongebob,it.spongebob
spongebob,ja.spongebob
spongebob,nl.spongebob
spongebob,pl.spongebob
spongebob,pt-br.wikiesponja
spongebob,ru.spongebob
spongebob,sr.sundjerbob
spongebob,uk.spongebob
spongebob,zh.spongebob
SelenaGomez,es.selenag
SelenaGomez,es.selenagomez
SelenaGomez,selenagomez
Megadeth,megadeth
country,countrymusic
ImaginaryCharacters,fictional-characters
ImaginaryCharacters,characters
ImaginaryCharacters,ru.characters-power
c64,commodore64
amiga,amiga
ThePussycatDolls,the-pussycat-dolls
Totaldrama,es.isladeldrama-idd
Totaldrama,totaldrama
sharktale,sharktale
Kristen_Stewart,kristenstewart.answers
xmen,x-men
xmen,de.x-men
xmen,pt.x-men
xmen,pt-br.xmen-comics
Supernatural,supernatural
JustAddWater,h2o
KendrickLamar,kendricklamar
skiing,skipedia
wow,wowpedia
wow,es.wow
wow,de.wowwiki
wow,fr.wowwiki
wow,hu.wowwiki
wow,it.wowpedia
wow,ja.wowwiki
wow,ko.wowwiki
wow,cs.wowwiki
wow,da.wowwiki
wow,el.wowwiki
wow,he.wowwiki
wow,lt.wowwiki
wow,nl.wowwiki
wow,no.wowwiki
wow,pl.wowwiki
wow,pt.wowwiki
wow,pt-br.wowwiki
wow,ru.wowwiki
wow,sk.wowwiki
wow,zh.wowwiki
wow,zh-tw.wowwiki
janetjackson,janetjackson
vim,vim
GTA,gta
StateofDecay,stateofdecay
cosplay,cosplay
HIMYM,fr.howimetyourmother
HIMYM,how-i-met-your-mother
HIMYM,it.howimetyourmother
ariheads,arianagrande
ariheads,es.ariana-grande
ariheads,it.arianagrande
ArianaGrande,arianagrande
ArianaGrande,es.ariana-grande
ArianaGrande,it.arianagrande
glee,glee
Broadway,broadway
Doraemon,doraemon
Doraemon,zh.doraemon
Doraemon,hi.doraemon
classic4chan,heros-of-4chan
4chan,heros-of-4chan
MortalKombat,mortalkombat
LauraMarano,lauramarano
Dororo,dororo
halloween,halloween
halloween,zh.halloween
ranma,ranma
StreetFighter,streetfighter
starcraft,starcraft
starcraft,es.starcraft
starcraft,fr.starcraft
starcraft,ko.starcraft
starcraft,pl.starcraft
starcraft,pt-br.starcraft
starcraft,ru.starcraft
starcraft,hu.starcraft
starcraft,th.starcraft
starcraft,zh.starcraft
EDM,edm
RosarioVampire,es.rosariovampire
RosarioVampire,rosariovampire
RosarioVampire,rosariovampirefanon
lain,sel
lupinthe3rd,lupin
LupinIII,lupin
MtvChallenge,thechallenge
gumball,theamazingworldofgumball
netflix,netflix
netflix,es.netflix
netflix,it.netflix
netflix,pl.netflix
netflix,pt-br.netflix
netflix,ru.netflix
touhou,touhou
touhou,de.touhou
touhou,es.touhou
touhou,fr.touhou
touhou,ja.touhou
touhou,pl.touhou
touhou,pt.touhou
touhou,ru.touhou
touhou,zh.touhou
theGoldenGirls,goldengirls
masseffect,masseffect
NightmareOnElmStreet,nightmareonelmstreet
ATHF,aqua-teen-hunger-force
numismatics,coincollecting
numismatics,ru.coincollecting
CodeLyoko,codelyoko
AreYouBeingServed,areyoubeingserved
Doom,doom
sambahsa,sambahsa
renfaire,renfaire
SaintsRow,saintsrow
SaintsRow,de.saintsrow
SaintsRow,fr.saintsrow
SaintsRow,pl.saintsrow
SaintsRow,ru.saintsrow
SaintsRow,saintsrowfanfiction
Gundam,gundam
swtor,swtor
junjiito,junjiitomanga
HalfLife,es.halflife
HalfLife,half-life
HalfLife,half-life.answers
HalfLife,half-lifefanon
HalfLife,halflifemachinima
HalfLife,halflifemods
HalfLife,hlhokej
HalfLife,ru.halflife
HalfLife,ru.mods-halflife-and-portal
Skullgirls,es.skullgirls
Skullgirls,skullgirls
tappedout,pt-br.the-simpsons-tapped-out
tappedout,simpsonstappedout
bioniclelego,bionicle
gmod,gmod
gmod,garrys-mod-zombie-apocalypse
gmod,garrysmod.answers
gmod,gmodworkshop
gmod,ru.garrys-modseries
gmod,ru.gma
GlobalOffensive,de.csgo
GlobalOffensive,pl.csgo
GlobalOffensive,ro.csgo
csgo,de.csgo
csgo,pl.csgo
csgo,ro.csgo
NewGirl,newgirl
computervision,computervision
yuri_jp,yuripedia
wholesomeyuri,yuripedia
yuri,yuripedia
FIFA,fifa
Terraria,terraria
powerrangers,powerrangers
powerrangers,de.power-rangers
powerrangers,es.powerrangers
powerrangers,fr.powerrangers
powerrangers,nl.powerrangers
powerrangers,pl.powerrangers
powerrangers,ru.powerrangers
Eve,eve
thebiglebowski,thebiglebowski
FORTnITE,fortnite
adultswim,adultswim
totalwar,totalwar
AlastairReynolds,alastairreynolds
BobsBurgers,bobs-burgers
BobsBurgers,de.bobsburgers
alloallo,alloallo
Malazan,de.malazan
Malazan,es.malaz-es
Malazan,it.malazan
Malazan,malazan
Malazan,pl.malazan
FanFiction,fanfiction
ElderScrolls,elderscrolls
WEPES,proevolutionsoccer
psbf,battlefield
psbf,it.battlefield
Battlefield,battlefield
Battlefield,it.battlefield
petshopboys,petshopboys
Scrubs,scrubs
Grandchase,grandchase
exid,exid
mash,mash
mirainikki,de.mirai-nikki
mirainikki,es.mirai-nikki
mirainikki,futurediary
mirainikki,pl.mirai-nikki
crashbandicoot,en.crashbandicoot
oddworld,oddworld
theroom,the-room
animaniacs,animaniacs
gravityfalls,de.gravityfalls
gravityfalls,es.gravityfalls
gravityfalls,gravityfalls
gravityfalls,ru.gravityfalls
blackmirror,black-mirror
misfitstv,e4-misfits
BSA,boyscoutsofamerica
soundvoltex,soundvoltex
brink,brink
dragonquest,dragonquest
Nicki_Minaj,es.nickiminaj
Nicki_Minaj,nickiminaj
angrybirds,angrybirds
avengedsevenfold,avenged-sevenfold
beyondtwosouls,beyondtwosouls
Fallout,fallout
Fallout,ccfalloutroleplaying
Fallout,de.fallout
Lovecraft,de.lovecraft
Lovecraft,es.hplovecraft
Lovecraft,lovecraft
PSP,playstationportable
PSP,psp
lego,lego
Sonsofanarchy,sonsofanarchy
nes,nes
Famicom,nes
snowboarding,snowboarding
ADHD,adhd
Gamecube,gamecube
Gamecube,nintendo-gamecube
ghibli,ghibli
ghibli,de.ghibli
ghibli,ja.studioghibli
snes,snes
n64,n64
n64,nintendo64
TrueBlood,trueblood
runescape,nl.runescape
runescape,es.runescape
runescape,de.runescape
runescape,da.runescape
runescape,cs.runescape
ubisoft,ubisoft
asktransgender,trans
transgender,trans
30ROCK,30rock
Zendaya,zendaya
yugioh,yugioh
CallOfDuty,callofduty
OsamuTezuka,osamu-tezuka
transhumanism,ru.transgumanizm
activism,activism
Bones,bones
That70sshow,that70sshow
Frasier,frasier
babylon5,babylon5
DestinyTheGame,destiny
americandad,americandad
Spore,spore
calvinandhobbes,calvinandhobbes
calvinandhobbes,ru.hobbes
FawltyTowers,fawltytowers
Bridgitmendler,bridgitmendler
Bridgitmendler,bridgitmendlerinfo
Bridgitmendler,es.bridgitmendler
metalgear,metalgear
airsoft,airsoft
PandR,parksandrecreation
Tekken,tekken
summonerschool,leagueoflegends
leagueoflegends,leagueoflegends
steampunk,steampunk
madmen,madmen
lizgillies,elizabethgillies
ChristinaMilian,christinamilian
cowboybebop,cowboybebop
RocketLeague,rocketleague
battlecats,battle-cats
Battleborn,battleborn
Bloodstained,bloodstained
narcos,narcos
twice,twice
SS13,spacestation13
yanderesimulator,de.yandere-simulator
yanderesimulator,es.fanon-yandere-simulator
yanderesimulator,es.yandere-simulator
yanderesimulator,fr.yandere-simulator
yanderesimulator,pl.yandere-simulator
yanderesimulator,pt-br.yandere-simulator
yanderesimulator,ru.yanderesimulatorfanon
yanderesimulator,yandere-simulator
yanderesimulator,yandere-simulator-2d
yanderesimulator,yandere-simulator-creative
yanderesimulator,yandere-simulator-fan
yanderesimulator,yandere-simulator-fandom
yandere_simulator,de.yandere-simulator
yandere_simulator,es.fanon-yandere-simulator
yandere_simulator,es.yandere-simulator
yandere_simulator,fr.yandere-simulator
yandere_simulator,pl.yandere-simulator
yandere_simulator,pt-br.yandere-simulator
yandere_simulator,ru.yanderesimulatorfanon
yandere_simulator,yandere-simulator
yandere_simulator,yandere-simulator-2d
yandere_simulator,yandere-simulator-creative
yandere_simulator,yandere-simulator-fan
yandere_simulator,yandere-simulator-fandom
Re_Zero,rezero
taskmaster,task
pokemongo,pokemongo
beginnersguide,the-beginners-guide
Undertale,undertale
Besiege,besiege
DetroitBecomeHuman,detroit-become-human
KimiNoNaWa,kiminonawa
dualipa,dualipa
criticalrole,criticalrole
BanGDream,bandori
BanGDream,ru.bandori
Cardiacs,cardiacs
ultimaonline,ultimaonline
SonicTheHedgehog,sonic
tsunderes,tsuntsun
warface,warface
TypeMoon,it.typemoon
TypeMoon,typemoon
intellivision,intellivision
uncharted,uncharted
uncharted,de.uncharted
uncharted,es.uncharted
uncharted,pl.uncharted
uncharted,ru.uncharted
Megaten,megamitensei
Megaten,es.megamitensei
Megaten,fr.megamitensei
Megaten,ja.megamitensei
Megaten,pt-br.megamitensei
Megaten,ru.megamitensei
Megaten,zh.megamitensei
mylittlepony,mlp
AnimalCrossing,animalcrossing
Mabinogi,ko.mabinogi
daria,daria
DeadOrAlive,dead-or-alive
DeadOrAlive,deadoralive
DeadOrAlive,es.deadoralive
precure,precure
Shrek,shrek
Shrek,es.shrek
Shrek,pt-br.shrek
Shrek,pt.shrek
Shrek,ru.shrek
SoulCalibur,soulcalibur
thematrix,matrix
nhl,sv.nhl
nhl,thenhl
TweenyWitches,chan
quiteinteresting,qi
playstationsolutions,playstation
playstation,playstation
Yandere,yandere
Yandere,yandere-girls
WhiteWolfRPG,whitewolf
haibanerenmei,haibanerenmei
spaceengine,spaceengine
nhl4psn,eanhl
sailormoon,sailormoon
sailormoon,de.sailor-moon
sailormoon,es.sailormoon
sailormoon,fr.sailor-moon-crystal
sailormoon,hu.sailormoon
sailormoon,ja.sailormoon
sailormoon,pl.sailormoon
sailormoon,pt-br.sailormoon
sailormoon,ro.sailormoon
sailormoon,ru.sailormoon
sailormoon,vi.sailormoon
katawashoujo,katawashoujo
fireemblem,fireemblem
KylieJenner,kylie-k-jenner
timeteam,timeteam
macross,macross
worldbuilding,conworld
wurmonline,wurmpedia
civ,civilization
RiffTrax,rifftrax
ImpracticalJokers,impractical-jokers
CyanideandHappiness,cyanideandhappiness
cyanideandhappiness,cyanideandhappiness
submachine,submachine
slycooper,es.slycooper
slycooper,slycooper
slycooper,slycooperwikiwonderhow
dresdenfiles,dresdenfiles
Smite,smite
Guiltygear,guilty-gear
mocktheweek,mocktheweek
stalker,stalker
indianajones,indianajones
vikingstv,vikings
homestuck,mspaintadventures
batman,batman
batman,de.batman
batman,es.batman
batman,ja.batman
batman,pl.batman
batman,pt-br.batman
batman,ru.batman
batman,zh.batman
spelunky,spelunky
cliffordthebigreddog,clifford
duolingo,duolingo
creepypasta,creepypasta
GeoFS,geofs
scpcontainmentbreach,containmentbreach
scpcontainmentbreach,es.scp
scpcontainmentbreach,ru.scp-games
scpcontainmentbreach,ru.scpcontainmentbreach
scpcontainmentbreach,scp-containment-is-magic
scpcontainmentbreach,scp-foundation-roblox
scpcontainmentbreach,scp-roleplay
LowSodiumCyberpunk,cyberpunk
cyberpunkgame,cyberpunk
HouseOfCards,de.house-of-cards
HouseOfCards,house-of-cards
Settlers,settlers6riseofanempire
projectzomboid,projectzomboid
projectzomboid,ru.projectzomboid
nightcore,nightcore
nightcore,nightcoremusic
ENSLAVETHEMOLLUSK,bignate
papermario,papermario
Twitch,twitch
Mario,mario
Mario,de.mario
Mario,es.mario
Mario,fr.mario
Mario,it.mario
Mario,da.mario
Mario,fi.mario
Mario,ja.mario
Mario,nl.mario
Mario,no.mario
Mario,pl.mario
Mario,pt.mario
Mario,ru.mario
Mario,zh.mario
thesimsnsfw,sims
thesimsnsfw,da.sims
thesimsnsfw,de.sims
thesimsnsfw,es.sims
thesimsnsfw,et.sims
thesimsnsfw,fi.sims
thesimsnsfw,fr.sims
thesimsnsfw,it.sims
thesimsnsfw,id.thesims
thesimsnsfw,ko.thesims
thesimsnsfw,nl.sims
thesimsnsfw,no.sims
thesimsnsfw,pl.sims
thesimsnsfw,pt-br.sims
thesimsnsfw,ro.sims
thesimsnsfw,ru.sims
thesimsnsfw,sv.sims
thesimsnsfw,uk.sims
thesimsnsfw,zh.sims
simsstoryhub,sims
simsstoryhub,da.sims
simsstoryhub,de.sims
simsstoryhub,es.sims
simsstoryhub,et.sims
simsstoryhub,fi.sims
simsstoryhub,fr.sims
simsstoryhub,it.sims
simsstoryhub,id.thesims
simsstoryhub,ko.thesims
simsstoryhub,nl.sims
simsstoryhub,no.sims
simsstoryhub,pl.sims
simsstoryhub,pt-br.sims
simsstoryhub,ro.sims
simsstoryhub,ru.sims
simsstoryhub,sv.sims
simsstoryhub,uk.sims
simsstoryhub,zh.sims
anormaldayinthesims,sims
anormaldayinthesims,da.sims
anormaldayinthesims,de.sims
anormaldayinthesims,es.sims
anormaldayinthesims,et.sims
anormaldayinthesims,fi.sims
anormaldayinthesims,fr.sims
anormaldayinthesims,it.sims
anormaldayinthesims,id.thesims
anormaldayinthesims,ko.thesims
anormaldayinthesims,nl.sims
anormaldayinthesims,no.sims
anormaldayinthesims,pl.sims
anormaldayinthesims,pt-br.sims
anormaldayinthesims,ro.sims
anormaldayinthesims,ru.sims
anormaldayinthesims,sv.sims
anormaldayinthesims,uk.sims
anormaldayinthesims,zh.sims
thesimsbuilding,sims
thesimsbuilding,da.sims
thesimsbuilding,de.sims
thesimsbuilding,es.sims
thesimsbuilding,et.sims
thesimsbuilding,fi.sims
thesimsbuilding,fr.sims
thesimsbuilding,it.sims
thesimsbuilding,id.thesims
thesimsbuilding,ko.thesims
thesimsbuilding,nl.sims
thesimsbuilding,no.sims
thesimsbuilding,pl.sims
thesimsbuilding,pt-br.sims
thesimsbuilding,ro.sims
thesimsbuilding,ru.sims
thesimsbuilding,sv.sims
thesimsbuilding,uk.sims
thesimsbuilding,zh.sims
thesimslegacies,sims
thesimslegacies,da.sims
thesimslegacies,de.sims
thesimslegacies,es.sims
thesimslegacies,et.sims
thesimslegacies,fi.sims
thesimslegacies,fr.sims
thesimslegacies,it.sims
thesimslegacies,id.thesims
thesimslegacies,ko.thesims
thesimslegacies,nl.sims
thesimslegacies,no.sims
thesimslegacies,pl.sims
thesimslegacies,pt-br.sims
thesimslegacies,ro.sims
thesimslegacies,ru.sims
thesimslegacies,sv.sims
thesimslegacies,uk.sims
thesimslegacies,zh.sims
thesimscc,sims
thesimscc,da.sims
thesimscc,de.sims
thesimscc,es.sims
thesimscc,et.sims
thesimscc,fi.sims
thesimscc,fr.sims
thesimscc,it.sims
thesimscc,id.thesims
thesimscc,ko.thesims
thesimscc,nl.sims
thesimscc,no.sims
thesimscc,pl.sims
thesimscc,pt-br.sims
thesimscc,ro.sims
thesimscc,ru.sims
thesimscc,sv.sims
thesimscc,uk.sims
thesimscc,zh.sims
thesims,sims
thesims,da.sims
thesims,de.sims
thesims,es.sims
thesims,et.sims
thesims,fi.sims
thesims,fr.sims
thesims,it.sims
thesims,id.thesims
thesims,ko.thesims
thesims,nl.sims
thesims,no.sims
thesims,pl.sims
thesims,pt-br.sims
thesims,ro.sims
thesims,ru.sims
thesims,sv.sims
thesims,uk.sims
thesims,zh.sims
EliteDangerous,elite-dangerous
psnshareplay,playstation4
ps4tournaments,playstation4
ps4mods,playstation4
ps4clans,playstation4
PS4,playstation4
ratchetandclank,ratchetandclank
postal,postal
ChristianMusic,christianmusic
miraculousladybug,miraculousladybug
miraculousladybug,ru.miraculousladybug
manhuntgames,manhunt
mega64,mega64
allmotorstorm,motorstorm
ThemsFightinHerds,themsfightinherds
oeCake,oecake
orangeisthenewblack,orange-is-the-new-black
mortalengines,mortalengines
RedLetterMedia,rlm
SabrinaCarpenter,sabrina-carpenter
BokuNoHeroAcademia,bokunoheroacademia
DragonCity,dragoncity
SanctuaryRPG,sanctuaryrpg
pokememes,zh-hk.pokemon
pokememes,zh.pokemon
pokememes,pokemon
pokeporn,bg.pokemon
pokeporn,ca.pokemon
pokeporn,da.pokemon
pokeporn,de.pokemon
pokeporn,es.pokemon
pokeporn,fr.pokemon
pokeporn,hu.pokemon
pokeporn,it.pokemon
pokeporn,ja.pokemon
pokeporn,ko.pokemon
pokeporn,nl.pokemon
pokeporn,no.pokemon
pokeporn,pl.pokemon
pokeporn,pt-br.pokemon
pokeporn,ru.pokemon
pokeporn,tr.pokemon
pokeporn,uk.pokemon
pokeporn,vi.pokemon
pokeporn,zh-hk.pokemon
pokeporn,zh.pokemon
pokeporn,pokemon
pokemon,bg.pokemon
pokemon,ca.pokemon
pokemon,da.pokemon
pokemon,de.pokemon
pokemon,es.pokemon
pokemon,fr.pokemon
pokemon,hu.pokemon
pokemon,it.pokemon
pokemon,ja.pokemon
pokemon,ko.pokemon
pokemon,nl.pokemon
pokemon,no.pokemon
pokemon,pl.pokemon
pokemon,pt-br.pokemon
pokemon,ru.pokemon
pokemon,tr.pokemon
pokemon,uk.pokemon
pokemon,vi.pokemon
pokemon,zh-hk.pokemon
pokemon,zh.pokemon
pokemon,pokemon
TheSimpsons,simpsons
TheSimpsons,sv.simpsons
Twitter,twitter
breakingbad,breakingbad
startrek,memory-alpha
startrek,memory-beta
beatles,beatles
chicago,chicago
philadelphia,philadelphia
eurovision,eurosong-contest
eurovision,sv.eurovision-song-contest
HistoryPorn,history
Geschichte,history
history,history
Astronomy,astronomical
Astronomy,astronomy
Astronomie,astronomical
Astronomie,astronomy
askscience,sciences
science,sciences
sports,sport
sports,sports
WW2,ru.2worldwar
WW2,world-war-2
mathematics,fr.math
mathematics,ru.math
mathematics,zh.math
mathematics,math
math,fr.math
math,ru.math
math,zh.math
math,math
serbia,serbia
straya,australia
Australia_,australia
australia,australia
biology,biology
Dinosaurs,de.dinosaurier
StarWars,starwars
StarWars,jedipedia
StarWars,ru.starwars
Naruto,de.naruto
Naruto,es.naruto
Naruto,fr.naruto
Naruto,naruto
Naruto,pl.naruto
Naruto,pt-br.naruto
Naruto,ru.naruto
newzealand,newzealand
OnePiece,ar.onepiece
OnePiece,ca.onepiece
OnePiece,cs.onepiece
OnePiece,de.onepiece
OnePiece,el.onepiece
OnePiece,es.onepiece
OnePiece,eu.onepiece
OnePiece,fr.onepiece
OnePiece,he.onepiece
OnePiece,id.onepiece
OnePiece,it.onepiece
OnePiece,ja.onepiece
OnePiece,ka.onepiece
OnePiece,ko.onepiece
OnePiece,my.onepiece
OnePiece,nl.onepiece
OnePiece,no.onepiece
OnePiece,onepiece
OnePiece,pl.onepiece
OnePiece,pt.onepiece
OnePiece,ro.onepiece
OnePiece,ru.onepiece
OnePiece,tr.onepiece
OnePiece,uk.onepiece
OnePiece,vi.onepiece
OnePiece,zh.onepiece
Maine,maine
Animal,animals
Animal,de.tierlexikon
Animal,dieren
Animal,es.reinoanimalia
Animal,fi.elaimet
Animal,fr.animaux
Animal,it.animals
Animal,ru.zoology
Massachusetts,massachusetts
mass,massachusetts
Connecticut,connecticut
Alaska,alaska
tennis,tennis
tennis,tennisworld
youtube,youtube
pokememes,bg.pokemon
pokememes,ca.pokemon
pokememes,da.pokemon
pokememes,de.pokemon
pokememes,es.pokemon
pokememes,fr.pokemon
pokememes,hu.pokemon
pokememes,it.pokemon
pokememes,ja.pokemon
pokememes,ko.pokemon
pokememes,nl.pokemon
pokememes,no.pokemon
pokememes,pl.pokemon
pokememes,pt-br.pokemon
pokememes,ru.pokemon
pokememes,tr.pokemon
pokememes,uk.pokemon
pokememes,vi.pokemon
starfleetuniverse,starfleetuniverse
stevenuniverse,steven-universe
Stormlight_Archive,stormlightarchive
Warframe,warframe
hearthstone,hearthstone
GWTB,gonewiththeblastwave
Monstercat,monstercat
SatWcomic,scandanaviaandtheworld
Twokinds,twokinds
TokyoGhoul,de.tokyoghoul
TokyoGhoul,es.tokyo-ghoul-fanon
TokyoGhoul,es.tokyoghoul
TokyoGhoul,pl.tokyo-ghoul
TokyoGhoul,pt.tokyoghoul
TokyoGhoul,thetokyoghoulfanon
TokyoGhoul,tokyo-ghoul-roleplay
TokyoGhoul,tokyoghoul
LittleWitchAcademia,little-witch-academia
witcher,witcher
witcher,zaklinac
witcher,hexer
witcher,noituri
witcher,raganius
witcher,sorceleur
witcher,vedmak
witcher,vestac
witcher,wiedzmin
FinalFantasy,finalfantasy
matrix,matrix
The100,the100
TheBlackList,de.the-blacklist
TheBlackList,es.theblacklist
TheBlackList,pt-br.theblacklist
TheBlackList,the-blacklist
TheBlackList,zh.theblacklist
xboxone,xbox-one
xboxone,xboxone
ClashOfClans,clashofclans
ClashOfClans,de.clashofclans
ClashOfClans,es.clashofclans
ClashOfClans,fr.clashofclans
ClashOfClans,hu.clashofclans
ClashOfClans,nl.clashofclans
ClashOfClans,pl.clashofclans
ClashOfClans,pt-br.clashofclans
ClashOfClans,ru.clashofclans
ClashOfClans,zh.clashofclans
interstellar,interstellarfilm
PewdiepieSubmissions,pewdiepie
RWBY,rwby
bangtan,bts
bangtan,es.bangtan
bangtan,the-bangtan-boys
jackboxgames,jackboxgames
CookieClicker,cookieclicker
zootopia,zootopia
xbox,xbox
MonsterMusume,es.monster-musume-no-iru-nichijou
rickandmorty_C137,rickandmorty
rickandmorty_C137,ricksanchez
rickandmorty,rickandmorty
rickandmorty,ricksanchez
AHatInTime,ahatintime
ToveLo,tovelo
CinemaSins,cinemasins
deathbattle,deathbattle
BoomBeach,boombeach
themoddingofisaac,bindingofisaacrebirth
FireflyOnline,fireflyonline
PlantsVSZombies,be.plantsvszombies
PlantsVSZombies,cs.plantsvszombies
PlantsVSZombies,es.plantsvszombies
PlantsVSZombies,fr.plantsvszombies
PlantsVSZombies,it.plantsvszombies
PlantsVSZombies,pflanzen-gegen-zombies
PlantsVSZombies,pl.plantsvszombies
PlantsVSZombies,plantsvszombies
PlantsVSZombies,pt-br.plantas-vs-zumbis-brasil
PlantsVSZombies,ru.plantsvs-zombies
PlantsVSZombies,sr.plantsvszombies
PlantsVSZombies,tl.plantsvszombies
PlantsVSZombies,uk.plantsvszombi
PlantsVSZombies,vi.plantsvszombies
PlantsVSZombies,zh.pvz
UnderNightInBirth,in-birth
Borderlands,borderlands
factorio,factorio
DHMIS,dhmis
tron,tron
amiibo,amiibo
DanMachi,danmachi
westworld,westworld
BoJackHorseman,bojackhorseman
dune,dune
dune,de.dune
dune,es.dune
dune,pl.dune
dune,ru.dune
dune,tr.dune
MHAmemes,bokunoheroacademia
dragonvale,dragonvale
DC_Cinematic,dcextendeduniverse
incremental_games,incremental
MBMBAM,mbmbam
TheExpanse,expanse
overwatch_porn,overwatch
Overwatch,overwatch
MrRobot,mrrobot
hamiltonmusical,hamiltonmusical
kkb,kerokerobonito
NightInTheWoods,nightinthewoods
lucifer,lucifer
RimWorld,rimworld
RimWorld,ru.rimworld
NintendoSwitch,nintendo-switch
Switch,nintendo-switch
StrangerThings,strangerthings
DarkMatter,darkmatter
Houkai2nd,houkai2nd
Agario,agario
beeandpuppycat,beeandpuppycat
discordapp,discord
drawception,drawception
TheGoodPlace,thegoodplace
wynonnaearp,wynonnaearp
StardewValley,stardewvalley
EscapefromTarkov,escapefromtarkov
PinkOmega,filthy-frank
thisisus,this-is-us
Jubyphonic,jubyphonic
deadbydaylight,de.dead-by-daylight
deadbydaylight,deadbydaylight
deadbydaylight,ru.dead-by-daylight
firebrigade,fire-force
DeathStranding,deathstranding
TheAdventureZone,theadventurezone
BlackPink,black-pink
TheHandmaidsTale,the-handmaids-tale
TheHandmaidsTale,de.the-handmaids-tale
BigMouth,bigmouth
BigCityGreens,bigcitygreens
mysticmessenger,mystic-messenger
Komi_san,komisan
Oxygennotincluded,ru.oxygen-not-included
ARMS,arms
FinalSpace,final-space
FinalSpace,tr.final-space
FinalSpace,ru.final-space
TheOrville,orville
TheOrville,de.orville
TheOrville,ru.orville
TheOrville,uk.orville
celestegame,celestegame
celestegame,fr.celeste
celestegame,ja.celeste
celestegame,sv.celeste
InfinityTrain,es.infinity-train
InfinityTrain,infinity-train
InfinityTrain,pt-br.infinity-train-brasil
InfinityTrain,ru.infinity-train
Diepio,diepio
titanfall,de.titanfall
titanfall,es.titanfall
titanfall,pt-br.titanfall
titanfall,ru.titanfall
titanfall,titanfall
RinaSawayama,rina
UmaMusume,umamusume
HollowKnight,bg.hollowknight
HollowKnight,de.hollowknight
HollowKnight,es.hollowknight
HollowKnight,fr.hollowknight
HollowKnight,hollowknight
HollowKnight,it.hollowknight
HollowKnight,pl.hollowknight
HollowKnight,pt.hollowknight
HollowKnight,ru.hollowknight
HollowKnight,uk.hollowknight
SINoALICE_en,sinoalice
place,redditplace
Parahumans,worm
MobileLegendsGame,mobile-legends
LaCasaDePapel,fr.la-casa-de-papel
LaCasaDePapel,haus-des-geldes
LaCasaDePapel,la-casa-de-papel
LaCasaDePapel,money-heist
LaCasaDePapel,pl.dom-z-papieru
disneymagickingdoms,dmk
watch_dogs,watchdogs
AnthemTheGame,anthem
minit,minit
terragenesisgame,terragenesis-community
realmgrinder,realm-grinder
oneshot,fr.oneshot
oneshot,oneshot
oneshot,ru.oneshot
oneshot,zh.oneshotzn
GirlsLastTour,girls-last-tour
O_Maidens,maidens-of-the-savage-season
Polytopia,polytopia
octopathtraveler,octopathtraveler
AzureLane,blhx
ContraPoints,contrapoints
ghostoftsushima,ghostoftsushima
LoveLive,love-live
DeepSpace69,deep-space-69
Zwift,zwift
HPHogwartsMystery,hogwarts-mystery
slaythespire,slay-the-spire
PrincessesOfPower,pt-br.she-raeasprincesasdopoder
PrincessesOfPower,ru.she-raandtheprincessesofpower
PrincessesOfPower,she-raandtheprincessesofpower
HildaTheSeries,es.hildatheseries
HildaTheSeries,hildatheseries
AliceGearAegis,alicegearaegis
TikTokCringe,tiktok
targetofdesire,targetofdesire
clairo,clairopedia
fragmentedgame,fragmented
ThroneOfLiesGame,tol
shizuka,shizuka
NewGame,new-game
startrekadventures,stadventures
buildcraft,minecraftbuildcraft
CrazyDefenseHeroes,crazydefenseheroes
Vinesauce,vinesauce
Bugsnax,bugsnax
Returnal,returnal
stray,stray
AmongUsMods,among-us
AmongUsMemes,among-us
AmongUsFriendFinder,among-us
AmongUsCompetitive,among-us
AmongUs,among-us
GiIvaSunner,siivagunner
jumpforce,jump
controlgame,control
DisneyPlus,disneyplus
DisneyPlus,tr.disneyplus
nagatoro,nagatoro
universim,theuniversim
NinjalaTheGame,ninjala
VirtualYoutubers,virtualyoutuber
FourSouls,bindingofisaacfoursouls
amphibia,de.amphibia
amphibia,es.amphibia
amphibia,id.amphibia
amphibia,ja.amphibiapedia
amphibia,pl.amphibia
amphibia,ru.amphibiapedia
amphibia,th.amphibiapedia
amphibia,amphibia
TheOwlHouse,es.theowlhouse
TheOwlHouse,id.theowlhouse
TheOwlHouse,pl.theowlhouse
TheOwlHouse,pt-br.theowlhouse
TheOwlHouse,ru.theowlhouse
TheOwlHouse,theowlhouse
TheOwlHouse,uk.theowlhouse
Sdorica,sdorica
TheDragonPrince,de.der-prinz-der-drachen
TheDragonPrince,dragonprince
TheDragonPrince,es.dragonprince
TheDragonPrince,fr.dragonprince
TheDragonPrince,ru.dragonprince
WorldWar3Community,worldwar3
dyinglight,dyinglight
killsixbilliondemons,killsixbilliondemons
DungeonsAndDragons,dungeons
DungeonsAndDragons,dungeonsdragons
DnD,dungeons
DnD,dungeonsdragons
maryland,maryland
minnesota,minnesota
Minnesota,minnesota
Madonna,madonna
dbz,dragonball
twinpeaks,twinpeaks
microsoft,microsoft
pinkfloyd,pinkfloyd
chemistry,chemistry
cpp,pl.cpp
WomensSoccer,football
WomensSoccer,big-soccer
WomensSoccer,footballdatabase
soccer,football
soccer,big-soccer
soccer,footballdatabase
futbol,football
futbol,big-soccer
futbol,footballdatabase
football,football
football,big-soccer
football,footballdatabase
punkrock,punk
punkrock,de.punk
fringe,fringe
mileycyrus,miley-cyrus
jennettemccurdy,jennette
Christianity,christianity
birds,birds
Birbs,birds
Basketball,basketball
golf,golf
bus,bus
rugbyunion,rugbyunion
philosophy,philosophy
philosophie,philosophy
RedDwarf,reddwarf
familyguy,familyguy
GODZILLA,godzilla
atheism,atheism
socialism,socialism
sharks,sharks
Elephants,elefanten
disney,pt-br.disney
disney,disney
wii,wii
nintendo,nintendo
AskEconomics,economics
Economics,economics
harrypotter,harrypotter
HongKong,zh-hk.hongkong
HTML,htmlcss
Unicode,unicode
Rabbits,rabbit
zombies,ru.zombie
zombies,zombie
psychology,psychology
psx,ps1
PS3,ps3
ps2,ps2
ps2,playstation2
reptiles,ru.crocodail
robots,robotics
TrueFilm,movies
movies,movies
animation,animation
arresteddevelopment,arresteddevelopment
firefly,firefly
WeatherGifs,weather
weather,weather
ancientegypt,ru.iwpernefer
Stargate,stargate
Stargate,sv.stargate
BritneySpears,britneyspears
diabetes,ru.diabetes
zelda,legend-of-zelda
zelda,zelda
Metroid,metroid
TopGear,topgear
gallifrey,bg.doctorwho
gallifrey,cs.tardis
gallifrey,cy.doctorwho
gallifrey,de.doctorwho
gallifrey,es.doctorwho
gallifrey,fi.doctorwho
gallifrey,fr.doctorwho
gallifrey,he.doctorwho
gallifrey,it.doctorwho
gallifrey,nl.doctorwho
gallifrey,pl.doctorwho
gallifrey,pt.doctorwho
gallifrey,ro.doctorwho
gallifrey,ru.tardis
gallifrey,tardis
doctorwho,bg.doctorwho
doctorwho,cs.tardis
doctorwho,cy.doctorwho
doctorwho,de.doctorwho
doctorwho,es.doctorwho
doctorwho,fi.doctorwho
doctorwho,fr.doctorwho
doctorwho,he.doctorwho
doctorwho,it.doctorwho
doctorwho,nl.doctorwho
doctorwho,pl.doctorwho
doctorwho,pt.doctorwho
doctorwho,ro.doctorwho
doctorwho,ru.tardis
doctorwho,tardis
The1980s,1980s
The1980s,80s
80s,1980s
80s,80s
90s,90s
MyNameIsEarl,es.mynameisearl
TheMandalorianTV,themandalorian
Mindustry,mindustry
ProjectSalt,projectsalt
MrBeast,mrbeast
DeltaruneDiscussion,deltarune
Deltarune,deltarune
CattailsGame,cattails-game
Rodina,rodina
Hypixel,hypixel
scpsl,scp-secret-laboratory-official
startrekfleetcommand,star-trek-fleet-command
NetflixSpaceForce,space-force
copypasta,copypasta
UNHhhh,unhhhh
Megido72,megido72
ScrollOfTaiwu,scroll-of-taiwu
ScrollOfTaiwu,zh.taiwu
mytimeatportia,mytimeatportia
lovedeathandrobots,de.lovedeathrobots
lovedeathandrobots,lovedeathrobots
Priconne,princess-connect
SatisfactoryGame,satisfactory
BabaIsYou,babaiswiki
subnautica,de.subnautica
subnautica,en.subnautica
subnautica,es.subnautica
subnautica,fr.subnautica
subnautica,nl.subnautica
subnautica,pl.subnautica
subnautica,pt-br.subnautica
subnautica,ru.subnautica
ror2,riskofrain2
arknights,arknights
Minecraft_Earth,minecraft-earth
JellesMarbleRuns,jellesmarbleruns
skygame,sky-children-of-the-light
Atomicrops,atomicrops
Eldenring,eldenring
Eldenring,it.eldenring
Eldenring,pl.eldenring
LastEpoch,lastepoch
LobotomyCorp,ja.lobotomy-corporation
LobotomyCorp,lobotomycorp
LobotomyCorp,ru.lobotomycorp
AshesofCreation,ashesofcreation
Genshin_Impact,genshin-impact
ZoeysPlaylist,zoeysextraordinaryplaylist
KrunkerIO,krunkerio
carykh,carykh
BattleForDreamIsland,battlefordreamisland
Globasa,globasa
100gecs,gecpedia
PrimalShow,primaltv
highrollersdnd,high-rollers-dnd
TheMagnusArchives,the-magnus-archives
HazbinHotelMemes,de.hazbin-hotel
HazbinHotelMemes,es.hazbinhotel
HazbinHotelMemes,fr.hazbin-hotel
HazbinHotelMemes,hazbinhotel
HazbinHotelMemes,ja.hazbinhotel
HazbinHotelMemes,pl.hazbinhotel
HazbinHotelMemes,ru.hazbinhotel
HazbinHotel,de.hazbin-hotel
HazbinHotel,es.hazbinhotel
HazbinHotel,fr.hazbin-hotel
HazbinHotel,hazbinhotel
HazbinHotel,ja.hazbinhotel
HazbinHotel,pl.hazbinhotel
HazbinHotel,ru.hazbinhotel
TellMeWhyGame,tell-me-why
SayonaraWildHearts,sayonara-wild-hearts
HelluvaBoss,helluvaboss
AdventureCommunist,adventurecommunist
Worldbox,the-official-worldbox-wiki
Worldbox,worldbox-sandbox-god-simulator
boneworks,boneworks
Spiritfarer,spiritfarer
Covid2019,coronavirus
COVID19,coronavirus
China_Flu,coronavirus
Coronavirus,coronavirus
Sidemen,sidemen
SomeOrdinaryGmrs,someordinarygamers
COVID19,covid19
Coronavirus,covid19
mgi,monster-girl-island
ConquerorsBlade,conquerorsblade
FallGuysGame,fallguysultimateknockout
local58,local58
ActionTaimaninGame,action-taimanin
ActionTaimaninGame,es.action-taimanin
StarshipTheory,starshiptheory
Nioh,nioh
splatoon,splatoon
MarvelSuperWar,marvelsuperwar
Diabotical,diabotical
TwistedWonderland,twisted-wonderland
BugFables,bugfables
CloneHero,clone-hero
StarTrekAdversaries,startrekadversaries
guns,guns
Firearms,guns
arabic,ru.arabian
capcom,capcom
Kanye,ja.kanye-west
montypython,montypython
southpark,es.southpark
southpark,sv.southpark
southpark,fr.southpark
southpark,southpark
Vermont,vermont
ABBA,abba
newengland,new-england
rebeccablack,rebecca-black
HiTMAN,hitman
LadyGaga,es.gaga
LadyGaga,fr.ladygaga
LadyGaga,ladygaga
LadyGaga,ru.ladygaga
FreeSpeech,freespeech
Archeology,ru.archaeology
Archaeology,ru.archaeology
archaeology,ru.archaeology
nasa,nasa
lost,lostpedia
gameofthrones,gameofthrones
gameofthrones,ru.gameofthrones
freefolk,gameofthrones
freefolk,ru.gameofthrones
Dexter,dexter
thesopranos,sopranos
seinfeld,seinfeld
lasvegas,lasvegas
vegas,lasvegas
sciencefiction,scifi
scifiwriting,scifi
scifi,scifi
Nolan,chrisnolan
TaylorSwift,taylorswift
TaylorSwift,taylorswiftlifeandmusic
Datsun,datsun510
SwordArtOnline,swordartonline
TheVampireDiaries,vampirediaries
StarWarsRebels,starwarsrebels
starwarsrebels,starwarsrebels
learnpython,python
python,python
Python,python
avrillavigne,avrillavigne
avrillavigne,it.avrillavigne
ANTM,antm
littlebigplanet,littlebigplanet
canada,canada
japan,japan
Scotland,scotland
norway,norway
norge,norway
england,england
Wales,wales
usa,us
sweden,sweden
sweden,sv.sverige
Denmark,denmark
suomi,fin
Finland,fin
italy,italy
poland,poland
polska,poland
portugal,portugal
antarctica,antarctica
thenetherlands,netherlands
Netherlands,netherlands
lolcats,lolcats
sanfrancisco,sanfrancisco
berlin,berlin
Internet,internet
london,london
google,google
mexico,mexico
boston,boston
france,france
unitedkingdom,ukb
unitedkingdom,united-kingdom
unitedkingdom,unitedkingdom
casualuk,ukb
casualuk,united-kingdom
casualuk,unitedkingdom
Fish,fish
russia,russia
germany,germany
deutschland,germany
de,germany
eesti,estonia
Iceland,iceland
Slovenia,slovenia
ukraine,ukraine
czech,czech-republic
bulgaria,bulgaria
albania,albania
croatia,croatia
psminecraft,minecraft
psminecraft,ja.minecraft
psminecraft,minecraft-archive
psminecraft,zh.minecraft
Minecraft,minecraft
Minecraft,ja.minecraft
Minecraft,minecraft-archive
Minecraft,zh.minecraft
AKB48,akb48
adventuretime,adventuretime
AmericanHorrorStory,americanhorrorstory
needforspeed,nfs
wiiu,wiiu
RLCraft,rlcraft
PizzaTower,pizzatower
PopularMMOs,popularmmos
slaytheprincess,slay-the-princess
BrickRigs,brickrigs
lilypichu,lilypichu
HYPERSCAPE,hyperscape
rittenhouse,kyle-rittenhouse
TMNT,turtlepedia
SMG4,supermarioglitchy4
GYEE,gyee
lovelettermtf,love-letter-community
lovelettermtf,love-letter-my-true-feelings
going_under,going-under
PhasmophobiaGame,phasmophobia
Injustice2MobileGame,injustice-2-mobile
PoliticsandWar,politicsandwar
ElliottFromEarth,fr.elliottleterrien
ElliottFromEarth,pl.elliott-z-planety-ziemia
ElliottFromEarth,pt-br.oelliottdaterra
ElliottFromEarth,elliottfromearth
Kaiserreich,kaiserreich
TWEWY,twewy
KaijuNo8,kaiju-no-8
back4blood,back4blood
eternalreturn,eternalreturn
RoyceCaldwell,roycecaldwell
MapleStoryM,maplestorym
underhero,underhero
Hexonia,hexonia
BGYO_PH,bgyo
TabletopPlayground,tabletopplayground
afkarena,afk-arena
valheim,valheim
RogueHeroes,rogue-heroes-ruins-of-tasos
HermitCraft,hermitcraft
feedthebeast,ftb
MrPrepper,mr-prepper
levelhead,levelhead
OMORI,omori
LoopHero,loophero
WynnCraft,wynncraft
fridaynightfunkinporn,fridaynightfunkin
Everhood,everhood
jreg,jreg
VivaLaDirtLeague,vldl
SonnyBoyAnime,sonny-boy
SNKRX,snkrx
eastward,eastward
lightsum,lightsum
Duranki,duranki
LeonElegant,leonelegant
HuntersGuildRedHood,the-hunters-guild
pinkpantheress,pinkpantheress
thespiffingbrit,the-spiffing
ethoslab,ethoslab
Friendsatthetable,friendsatthetable
KhayriRRW,krrw
PaymoneyWubby,paymoneywubby
MiniLang,minilang
SifuGame,sifu
PotionCraft,potion-craft
babesdirectory,babesdirectory
Emoney,erobb221
MergeMansion,merge-mansion
Dorondororon,dorondororon
TowerofFantasy,toweroffantasy
OldGodsOfAppalachia,old-gods-of-appalachia
wyldeflowers,wylde-flowers
backrooms,backrooms-freewriting
thenaughtywitch,thenaughtywitch
EmpiresAndPuzzles,empiresandpuzzles
InanimateInsanity,inanimateinsanity
LeafBlowerRevolution,leaf-blower-revolution
thrive,thrive
dislyte,dislyte
DanBall,danball
DanBall,fi.danball
surrealmemes,surrealmemes
surrealmemes,surrealpedia
analoghorror,analog-horror-0
garfielf,lasaga
pilotredsun,pilotredsun
ObjectShows,objectshowfanonpedia
MinecraftChampionship,mcchampionship
mogeko,okegom
GHE,gemini-home-entertainment
NewJeans,newjeans
reksiogames,reksio
AntimatterDimensions,antimatter-dimensions
HfjONE,hfjone
Pxlsspace,pxlsspace
biomesoplenty,biomesoplenty
gustavoegatotv,pt-br.gustavoegato
gustavoegatotv,gustavoegato
Gedonia,gedonia
OstrichPlug,the-urban-rescue-ranch
hyouka,hyouka
phoenotopia,phoenotopia
Dog_ningen,dog-ningen
AnimationMeme,animation-meme
drawfee,drawfee
Thewaltenfiles,thewaltenarchives
ChiknNuggit,chiknnuggit
Atdeadofnight,at-dead-of-night
MyNameIsEarl,mynameisearl
GreekMythology,greek-gods-heroes-and-monsters
GreekMythology,greek-myth
GreekMythology,greekmythology
GreekMythology,one-of-the-greatest-sources-for-greek-mythology
beyonce,beyoncepedia
janeausten,janeausten
tokipona,tokipona
Rihanna,it.rihannawikinow
Rihanna,ja.rihanna
Rihanna,rihanna
lanadelrey,lanadelrey
McLounge,mcdonalds
McDonalds,mcdonalds
JenniferLopez,jenniferlopez
MariahCarey,mariahcarey
DemiLovato,demilovato
DemiLovato,inspiringdemilovato
sony,sony
christinaaguilera,christinaaguilera
perl,perl
KatyPerrysPrivates,es.katyperry
KatyPerrysPrivates,it.katyperry
KatyPerrysPrivates,katyperry
KatyPerrysPrivates,pl.katy-perry
katyperry,es.katyperry
katyperry,it.katyperry
katyperry,katyperry
katyperry,pl.katy-perry
bisexual,bisexuality
nightwish,de.nightwish
Diablo,diablo
AnimalCrossingNewLeaf,acnewleaf
AnimalCrossingNewLeaf,acnl
konami,konami
asoiaf,iceandfire
vampires,vampires
xbox360,xbox-360
